number,cop.lake,worm.fam,worm.lake,plate,numb.worm,native,genus
1,lau,boo2ax2c,boo,p23,0,FALSE,M
2,lau,boo2ax2c,boo,p23,0,FALSE,M
3,lau,boo2ax2c,boo,p23,0,FALSE,M
4,lau,boo2ax2c,boo,p23,1,FALSE,M
5,lau,boo2ax2c,boo,p23,0,FALSE,M
6,lau,boo2ax2c,boo,p23,0,FALSE,M
7,lau,boo2ax2c,boo,p23,1,FALSE,M
8,ech,g7ax1a,gos,p23,1,FALSE,A
9,ech,g7ax1a,gos,p23,2,FALSE,A
10,ech,g7ax1a,gos,p23,1,FALSE,A
11,ech,g7ax1a,gos,p23,3,FALSE,A
12,ech,g7ax1a,gos,p23,1,FALSE,A
13,lau,g7ax1a,gos,p23,0,FALSE,M
14,lau,g7ax1a,gos,p23,0,FALSE,M
15,lau,g7ax1a,gos,p23,0,FALSE,M
16,lau,g7ax1a,gos,p23,0,FALSE,M
17,lau,g7ax1a,gos,p23,0,FALSE,M
18,lau,g7ax1a,gos,p23,0,FALSE,M
19,lau,g7ax1a,gos,p23,0,FALSE,M
20,lau,g7ax1a,gos,p23,0,FALSE,M
21,lau,g7ax1a,gos,p23,0,FALSE,M
22,rob,boo11bx1a,boo,p23,3,FALSE,M
23,rob,boo11bx1a,boo,p23,1,FALSE,M
24,rob,boo11bx1a,boo,p23,0,FALSE,M
25,rob,boo11bx1a,boo,p23,0,FALSE,M
26,rob,boo11bx1a,boo,p23,1,FALSE,M
27,gos,echbulk,ech,p23,1,FALSE,A
28,gos,echbulk,ech,p23,3,FALSE,A
29,gos,echbulk,ech,p23,0,FALSE,A
30,gos,echbulk,ech,p23,1,FALSE,A
31,gos,echbulk,ech,p23,3,FALSE,A
32,gos,echbulk,ech,p23,2,FALSE,A
33,gos,echbulk,ech,p23,2,FALSE,A
34,gos,echbulk,ech,p23,3,FALSE,A
35,boo,boobulk,boo,p23,0,TRUE,M
36,boo,boobulk,boo,p23,0,TRUE,M
37,boo,boobulk,boo,p23,0,TRUE,M
38,boo,boobulk,boo,p23,0,TRUE,M
39,boo,boobulk,boo,p23,1,TRUE,M
40,boo,boobulk,boo,p23,0,TRUE,M
41,boo,boobulk,boo,p23,0,TRUE,M
42,boo,boobulk,boo,p23,0,TRUE,M
43,boo,boobulk,boo,p40,0,TRUE,M
44,boo,boobulk,boo,p40,0,TRUE,M
45,boo,boobulk,boo,p40,0,TRUE,M
46,boo,boobulk,boo,p40,0,TRUE,M
47,boo,boobulk,boo,p40,0,TRUE,M
48,boo,boobulk,boo,p40,0,TRUE,M
49,gos,g7ax1a,gos,p16,1,TRUE,A
50,gos,g7ax1a,gos,p16,1,TRUE,A
51,gos,g7ax1a,gos,p16,0,TRUE,A
52,gos,g7ax1a,gos,p16,0,TRUE,A
53,gos,g7ax1a,gos,p16,3,TRUE,A
54,gos,g7ax1a,gos,p16,1,TRUE,A
55,gos,g7ax1a,gos,p16,0,TRUE,A
56,gos,g7ax1a,gos,p16,1,TRUE,A
57,gos,g7ax1a,gos,p16,0,TRUE,A
58,gos,g7ax1a,gos,p16,0,TRUE,A
59,gos,g7ax1a,gos,p16,0,TRUE,A
60,gos,g7ax1a,gos,p16,0,TRUE,A
61,boo,boo11bx1a,boo,p16,0,TRUE,M
62,boo,boo11bx1a,boo,p16,0,TRUE,M
63,boo,boo11bx1a,boo,p16,0,TRUE,M
64,boo,boo11bx1a,boo,p16,0,TRUE,M
65,boo,boo11bx1a,boo,p16,0,TRUE,M
66,lau,boobulk,boo,p16,0,FALSE,M
67,lau,boobulk,boo,p16,0,FALSE,M
68,lau,boobulk,boo,p16,0,FALSE,M
69,lau,boobulk,boo,p16,0,FALSE,M
70,lau,boobulk,boo,p16,0,FALSE,M
71,lau,boobulk,boo,p16,0,FALSE,M
72,lau,boobulk,boo,p16,0,FALSE,M
73,lau,boobulk,boo,p16,0,FALSE,M
74,lau,boobulk,boo,p16,0,FALSE,M
75,lau,boobulk,boo,p16,0,FALSE,M
76,ech,ech3ax1a,ech,p16,1,TRUE,A
77,ech,ech3ax1a,ech,p16,0,TRUE,A
78,ech,ech3ax1a,ech,p16,4,TRUE,A
79,ech,ech3ax1a,ech,p16,2,TRUE,A
80,ech,ech3ax1a,ech,p16,2,TRUE,A
81,ech,ech3ax1a,ech,p16,0,TRUE,A
82,ech,ech3ax1a,ech,p16,0,TRUE,A
83,ech,ech3ax1a,ech,p16,1,TRUE,A
84,rob,echbulk,ech,p16,0,FALSE,M
85,rob,echbulk,ech,p16,0,FALSE,M
86,rob,echbulk,ech,p16,0,FALSE,M
87,gos,echbulk,ech,p40,0,FALSE,A
88,gos,echbulk,ech,p40,1,FALSE,A
89,gos,echbulk,ech,p40,1,FALSE,A
90,gos,echbulk,ech,p40,4,FALSE,A
91,gos,echbulk,ech,p40,1,FALSE,A
92,gos,echbulk,ech,p40,4,FALSE,A
93,gos,echbulk,ech,p40,2,FALSE,A
94,gos,echbulk,ech,p40,0,FALSE,A
95,lau,boo2ax2c,boo,p40,0,FALSE,M
96,lau,boo2ax2c,boo,p40,1,FALSE,M
97,lau,boo2ax2c,boo,p40,0,FALSE,M
98,lau,boo2ax2c,boo,p40,1,FALSE,M
99,lau,boo2ax2c,boo,p40,0,FALSE,M
100,lau,boo2ax2c,boo,p40,0,FALSE,M
101,lau,boo2ax2c,boo,p40,0,FALSE,M
102,lau,boo2ax2c,boo,p40,0,FALSE,M
103,lau,boo2ax2c,boo,p40,1,FALSE,M
104,lau,boo2ax2c,boo,p40,0,FALSE,M
105,ech,g7ax1a,gos,p40,0,FALSE,A
106,ech,g7ax1a,gos,p40,0,FALSE,A
107,ech,g7ax1a,gos,p40,1,FALSE,A
108,ech,g7ax1a,gos,p40,2,FALSE,A
109,ech,g7ax1a,gos,p40,3,FALSE,A
110,ech,g7ax1a,gos,p40,1,FALSE,A
111,ech,g7ax1a,gos,p40,0,FALSE,A
112,ech,g7ax1a,gos,p40,1,FALSE,A
113,rob,boo11bx1a,boo,p40,0,FALSE,M
114,rob,boo11bx1a,boo,p40,1,FALSE,M
115,rob,boo11bx1a,boo,p5,0,FALSE,M
116,rob,boo11bx1a,boo,p5,1,FALSE,M
117,rob,boo11bx1a,boo,p5,1,FALSE,M
118,rob,boo11bx1a,boo,p5,0,FALSE,M
119,rob,boo11bx1a,boo,p5,1,FALSE,M
120,boo,boobulk,boo,p5,0,TRUE,M
121,boo,boobulk,boo,p5,0,TRUE,M
122,boo,boobulk,boo,p5,1,TRUE,M
123,boo,boobulk,boo,p5,0,TRUE,M
124,boo,boobulk,boo,p5,1,TRUE,M
125,boo,boobulk,boo,p5,1,TRUE,M
126,boo,boobulk,boo,p5,1,TRUE,M
127,lau,boo2ax2c,boo,p5,1,FALSE,M
128,lau,boo2ax2c,boo,p5,0,FALSE,M
129,lau,boo2ax2c,boo,p5,0,FALSE,M
130,lau,boo2ax2c,boo,p5,0,FALSE,M
131,lau,boo2ax2c,boo,p5,0,FALSE,M
132,lau,boo2ax2c,boo,p5,0,FALSE,M
133,lau,boo2ax2c,boo,p5,0,FALSE,M
134,lau,boo2ax2c,boo,p5,0,FALSE,M
135,lau,boo2ax2c,boo,p5,0,FALSE,M
136,ech,g7ax1a,gos,p5,0,FALSE,A
137,ech,g7ax1a,gos,p5,0,FALSE,A
138,ech,g7ax1a,gos,p5,1,FALSE,A
139,ech,g7ax1a,gos,p5,1,FALSE,A
140,ech,g7ax1a,gos,p5,1,FALSE,A
141,ech,g7ax1a,gos,p5,0,FALSE,A
142,ech,g7ax1a,gos,p5,1,FALSE,A
143,ech,g7ax1a,gos,p5,2,FALSE,A
144,ech,g7ax1a,gos,p5,0,FALSE,A
145,gos,echbulk,ech,p5,0,FALSE,A
146,gos,echbulk,ech,p5,0,FALSE,A
147,gos,echbulk,ech,p5,2,FALSE,A
148,gos,echbulk,ech,p5,1,FALSE,A
149,gos,echbulk,ech,p5,3,FALSE,A
150,gos,echbulk,ech,p5,1,FALSE,A
151,gos,echbulk,ech,p5,1,FALSE,A
152,gos,echbulk,ech,p2,2,FALSE,A
153,gos,echbulk,ech,p2,2,FALSE,A
154,gos,echbulk,ech,p2,0,FALSE,A
155,gos,echbulk,ech,p2,2,FALSE,A
156,gos,echbulk,ech,p2,2,FALSE,A
157,gos,echbulk,ech,p2,1,FALSE,A
158,gos,echbulk,ech,p2,0,FALSE,A
159,gos,echbulk,ech,p2,1,FALSE,A
160,gos,echbulk,ech,p2,0,FALSE,A
161,rob,boo11bx1a,boo,p2,0,FALSE,M
162,rob,boo11bx1a,boo,p2,0,FALSE,M
163,boo,boobulk,boo,p2,0,TRUE,M
164,boo,boobulk,boo,p2,0,TRUE,M
165,boo,boobulk,boo,p2,0,TRUE,M
166,boo,boobulk,boo,p2,0,TRUE,M
167,boo,boobulk,boo,p2,0,TRUE,M
168,lau,boo2ax2c,boo,p2,0,FALSE,M
169,lau,boo2ax2c,boo,p2,0,FALSE,M
170,lau,boo2ax2c,boo,p2,0,FALSE,M
171,lau,boo2ax2c,boo,p2,0,FALSE,M
172,lau,boo2ax2c,boo,p2,0,FALSE,M
173,lau,boo2ax2c,boo,p2,0,FALSE,M
174,lau,boo2ax2c,boo,p2,0,FALSE,M
175,lau,boo2ax2c,boo,p2,0,FALSE,M
176,ech,g7ax1a,gos,p2,1,FALSE,A
177,ech,g7ax1a,gos,p2,3,FALSE,A
178,ech,g7ax1a,gos,p2,1,FALSE,A
179,ech,g7ax1a,gos,p2,1,FALSE,A
180,ech,g7ax1a,gos,p2,1,FALSE,A
181,ech,g7ax1a,gos,p2,0,FALSE,A
182,ech,g7ax1a,gos,p2,0,FALSE,A
183,ech,g7ax1a,gos,p2,0,FALSE,A
184,lau,boobulk,boo,p20,0,FALSE,M
185,lau,boobulk,boo,p20,0,FALSE,M
186,lau,boobulk,boo,p20,0,FALSE,M
187,lau,boobulk,boo,p20,0,FALSE,M
188,lau,boobulk,boo,p20,0,FALSE,M
189,lau,boobulk,boo,p20,0,FALSE,M
190,lau,boobulk,boo,p20,0,FALSE,M
191,lau,boobulk,boo,p20,0,FALSE,M
192,ech,ech3ax1a,ech,p20,3,TRUE,A
193,ech,ech3ax1a,ech,p20,0,TRUE,A
194,ech,ech3ax1a,ech,p20,1,TRUE,A
195,ech,ech3ax1a,ech,p20,1,TRUE,A
196,ech,ech3ax1a,ech,p20,1,TRUE,A
197,ech,ech3ax1a,ech,p20,2,TRUE,A
198,ech,ech3ax1a,ech,p20,1,TRUE,A
199,ech,ech3ax1a,ech,p20,2,TRUE,A
200,ech,ech3ax1a,ech,p20,1,TRUE,A
201,rob,echbulk,ech,p20,0,FALSE,M
202,rob,echbulk,ech,p20,0,FALSE,M
203,boo,boo11bx1a,boo,p20,0,TRUE,M
204,boo,boo11bx1a,boo,p20,0,TRUE,M
205,boo,boo11bx1a,boo,p20,0,TRUE,M
206,boo,boo11bx1a,boo,p20,0,TRUE,M
207,boo,boo11bx1a,boo,p20,0,TRUE,M
208,boo,boo11bx1a,boo,p20,0,TRUE,M
209,boo,boo11bx1a,boo,p20,0,TRUE,M
210,boo,boo11bx1a,boo,p20,0,TRUE,M
211,gos,g7ax1a,gos,p20,0,TRUE,A
212,gos,g7ax1a,gos,p20,0,TRUE,A
213,gos,g7ax1a,gos,p20,0,TRUE,A
214,gos,g7ax1a,gos,p20,1,TRUE,A
215,gos,g7ax1a,gos,p20,0,TRUE,A
216,gos,g7ax1a,gos,p20,1,TRUE,A
217,gos,g7ax1a,gos,p20,1,TRUE,A
218,gos,g7ax1a,gos,p20,1,TRUE,A
219,gos,g7ax1a,gos,p20,0,TRUE,A
220,ech,ech3ax1a,ech,p8,1,TRUE,A
221,ech,ech3ax1a,ech,p8,0,TRUE,A
222,ech,ech3ax1a,ech,p8,2,TRUE,A
223,ech,ech3ax1a,ech,p8,0,TRUE,A
224,ech,ech3ax1a,ech,p8,0,TRUE,A
225,ech,ech3ax1a,ech,p8,1,TRUE,A
226,ech,ech3ax1a,ech,p8,3,TRUE,A
227,ech,ech3ax1a,ech,p8,0,TRUE,A
228,ech,ech3ax1a,ech,p8,1,TRUE,A
229,gos,g7ax1a,gos,p8,2,TRUE,A
230,gos,g7ax1a,gos,p8,1,TRUE,A
231,gos,g7ax1a,gos,p8,1,TRUE,A
232,gos,g7ax1a,gos,p8,0,TRUE,A
233,gos,g7ax1a,gos,p8,1,TRUE,A
234,gos,g7ax1a,gos,p8,0,TRUE,A
235,gos,g7ax1a,gos,p8,4,TRUE,A
236,gos,g7ax1a,gos,p8,1,TRUE,A
237,gos,g7ax1a,gos,p8,0,TRUE,A
238,lau,boobulk,boo,p8,0,FALSE,M
239,lau,boobulk,boo,p8,0,FALSE,M
240,lau,boobulk,boo,p8,0,FALSE,M
241,lau,boobulk,boo,p8,0,FALSE,M
242,lau,boobulk,boo,p8,0,FALSE,M
243,lau,boobulk,boo,p8,0,FALSE,M
244,lau,boobulk,boo,p8,0,FALSE,M
245,lau,boobulk,boo,p8,0,FALSE,M
246,lau,boobulk,boo,p8,0,FALSE,M
247,lau,boobulk,boo,p8,0,FALSE,M
248,rob,echbulk,ech,p100,1,FALSE,M
249,rob,echbulk,ech,p100,0,FALSE,M
250,rob,echbulk,ech,p100,0,FALSE,M
251,rob,echbulk,ech,p100,0,FALSE,M
252,rob,echbulk,ech,p100,0,FALSE,M
253,boo,boo11bx1a,boo,p100,0,TRUE,M
254,boo,boo11bx1a,boo,p100,0,TRUE,M
255,boo,boo11bx1a,boo,p100,0,TRUE,M
256,boo,boo11bx1a,boo,p100,0,TRUE,M
257,boo,boo11bx1a,boo,p100,0,TRUE,M
258,boo,boo11bx1a,boo,p100,0,TRUE,M
259,boo,boo11bx1a,boo,p100,0,TRUE,M
260,gos,echbulk,ech,p45,0,FALSE,A
261,gos,echbulk,ech,p45,2,FALSE,A
262,gos,echbulk,ech,p45,1,FALSE,A
263,gos,echbulk,ech,p45,1,FALSE,A
264,gos,echbulk,ech,p45,0,FALSE,A
265,gos,echbulk,ech,p45,0,FALSE,A
266,gos,echbulk,ech,p45,1,FALSE,A
267,gos,echbulk,ech,p45,2,FALSE,A
268,boo,boobulk,boo,p45,0,TRUE,M
269,boo,boobulk,boo,p45,0,TRUE,M
270,boo,boobulk,boo,p45,0,TRUE,M
271,boo,boobulk,boo,p45,0,TRUE,M
272,boo,boobulk,boo,p45,1,TRUE,M
273,boo,boobulk,boo,p45,0,TRUE,M
274,boo,boobulk,boo,p45,0,TRUE,M
275,lau,boo2ax2c,boo,p45,0,FALSE,M
276,lau,boo2ax2c,boo,p45,0,FALSE,M
277,lau,boo2ax2c,boo,p45,0,FALSE,M
278,lau,boo2ax2c,boo,p45,0,FALSE,M
279,lau,boo2ax2c,boo,p45,0,FALSE,M
280,lau,boo2ax2c,boo,p45,0,FALSE,M
281,lau,boo2ax2c,boo,p45,0,FALSE,M
282,lau,boo2ax2c,boo,p45,0,FALSE,M
283,lau,boo2ax2c,boo,p45,0,FALSE,M
284,ech,g7ax1a,gos,p45,1,FALSE,A
285,ech,g7ax1a,gos,p45,1,FALSE,A
286,ech,g7ax1a,gos,p45,1,FALSE,A
287,ech,g7ax1a,gos,p45,0,FALSE,A
288,ech,g7ax1a,gos,p45,0,FALSE,A
289,ech,g7ax1a,gos,p45,0,FALSE,A
290,ech,g7ax1a,gos,p45,0,FALSE,A
291,ech,g7ax1a,gos,p45,1,FALSE,A
292,ech,g7ax1a,gos,p45,0,FALSE,A
293,ech,g7ax1a,gos,p45,0,FALSE,A
294,ech,g7ax1a,gos,p45,1,FALSE,A
295,rob,boo11bx1a,boo,p45,0,FALSE,M
296,gos,g7ax1a,gos,p31,0,TRUE,A
297,gos,g7ax1a,gos,p31,3,TRUE,A
298,gos,g7ax1a,gos,p31,1,TRUE,A
299,gos,g7ax1a,gos,p31,2,TRUE,A
300,gos,g7ax1a,gos,p31,2,TRUE,A
301,gos,g7ax1a,gos,p31,3,TRUE,A
302,gos,g7ax1a,gos,p31,0,TRUE,A
303,gos,g7ax1a,gos,p31,1,TRUE,A
304,gos,g7ax1a,gos,p31,0,TRUE,A
305,gos,g7ax1a,gos,p31,0,TRUE,A
306,rob,echbulk,ech,p31,0,FALSE,M
307,rob,echbulk,ech,p31,0,FALSE,M
308,boo,boo11bx1a,boo,p31,1,TRUE,M
309,boo,boo11bx1a,boo,p31,0,TRUE,M
310,boo,boo11bx1a,boo,p31,0,TRUE,M
311,boo,boo11bx1a,boo,p31,0,TRUE,M
312,boo,boo11bx1a,boo,p31,0,TRUE,M
313,lau,boobulk,boo,p31,0,FALSE,M
314,lau,boobulk,boo,p31,0,FALSE,M
315,lau,boobulk,boo,p31,0,FALSE,M
316,lau,boobulk,boo,p31,0,FALSE,M
317,lau,boobulk,boo,p31,0,FALSE,M
318,lau,boobulk,boo,p31,0,FALSE,M
319,lau,boobulk,boo,p31,0,FALSE,M
320,lau,boobulk,boo,p31,1,FALSE,M
321,lau,boobulk,boo,p31,0,FALSE,M
322,ech,ech3ax1a,ech,p31,0,TRUE,A
323,ech,ech3ax1a,ech,p31,1,TRUE,A
324,ech,ech3ax1a,ech,p31,2,TRUE,A
325,ech,ech3ax1a,ech,p31,0,TRUE,A
326,ech,ech3ax1a,ech,p31,0,TRUE,A
327,ech,ech3ax1a,ech,p31,1,TRUE,A
328,ech,ech3ax1a,ech,p31,4,TRUE,A
329,ech,ech3ax1a,ech,p31,0,TRUE,A
330,ech,ech3ax1a,ech,p27,3,TRUE,A
331,ech,ech3ax1a,ech,p27,2,TRUE,A
332,ech,ech3ax1a,ech,p27,0,TRUE,A
333,ech,ech3ax1a,ech,p27,0,TRUE,A
334,ech,ech3ax1a,ech,p27,0,TRUE,A
335,ech,ech3ax1a,ech,p27,0,TRUE,A
336,ech,ech3ax1a,ech,p27,1,TRUE,A
337,ech,ech3ax1a,ech,p27,2,TRUE,A
338,ech,ech3ax1a,ech,p27,1,TRUE,A
339,rob,echbulk,ech,p27,0,FALSE,M
340,gos,g7ax1a,gos,p27,2,TRUE,A
341,gos,g7ax1a,gos,p27,3,TRUE,A
342,gos,g7ax1a,gos,p27,4,TRUE,A
343,gos,g7ax1a,gos,p27,2,TRUE,A
344,gos,g7ax1a,gos,p27,3,TRUE,A
345,gos,g7ax1a,gos,p27,0,TRUE,A
346,gos,g7ax1a,gos,p27,0,TRUE,A
347,gos,g7ax1a,gos,p27,1,TRUE,A
348,boo,boo11bx1a,boo,p27,0,TRUE,M
349,boo,boo11bx1a,boo,p27,0,TRUE,M
350,boo,boo11bx1a,boo,p27,0,TRUE,M
351,boo,boo11bx1a,boo,p27,0,TRUE,M
352,lau,boobulk,boo,p27,0,FALSE,M
353,lau,boobulk,boo,p27,0,FALSE,M
354,lau,boobulk,boo,p27,0,FALSE,M
355,lau,boobulk,boo,p27,0,FALSE,M
356,lau,boobulk,boo,p27,0,FALSE,M
357,lau,boobulk,boo,p27,0,FALSE,M
358,lau,boobulk,boo,p27,0,FALSE,M
359,lau,boobulk,boo,p27,1,FALSE,M
360,gos,boo2ax2c,boo,p26,0,FALSE,A
361,gos,boo2ax2c,boo,p26,0,FALSE,A
362,gos,boo2ax2c,boo,p26,2,FALSE,A
363,gos,boo2ax2c,boo,p26,1,FALSE,A
364,gos,boo2ax2c,boo,p26,1,FALSE,A
365,gos,boo2ax2c,boo,p26,1,FALSE,A
366,gos,boo2ax2c,boo,p26,2,FALSE,A
367,gos,boo2ax2c,boo,p26,4,FALSE,A
368,gos,boo2ax2c,boo,p26,0,FALSE,A
369,lau,echbulk,ech,p26,0,FALSE,M
370,lau,echbulk,ech,p26,0,FALSE,M
371,lau,echbulk,ech,p26,0,FALSE,M
372,lau,echbulk,ech,p26,0,FALSE,M
373,lau,echbulk,ech,p26,0,FALSE,M
374,lau,echbulk,ech,p26,0,FALSE,M
375,lau,echbulk,ech,p26,0,FALSE,M
376,ech,boo11bx1a,boo,p26,1,FALSE,A
377,ech,boo11bx1a,boo,p26,0,FALSE,A
378,ech,boo11bx1a,boo,p26,3,FALSE,A
379,ech,boo11bx1a,boo,p26,2,FALSE,A
380,ech,boo11bx1a,boo,p26,2,FALSE,A
381,ech,boo11bx1a,boo,p26,2,FALSE,A
382,ech,boo11bx1a,boo,p26,0,FALSE,A
383,ech,boo11bx1a,boo,p26,5,FALSE,A
384,ech,boo11bx1a,boo,p26,0,FALSE,A
385,lau,echbulk,ech,p44,0,FALSE,M
386,lau,echbulk,ech,p44,0,FALSE,M
387,lau,echbulk,ech,p44,0,FALSE,M
388,lau,echbulk,ech,p44,0,FALSE,M
389,lau,echbulk,ech,p44,0,FALSE,M
390,lau,echbulk,ech,p44,0,FALSE,M
391,lau,echbulk,ech,p44,0,FALSE,M
392,ech,boo11bx1a,boo,p44,2,FALSE,A
393,ech,boo11bx1a,boo,p44,3,FALSE,A
394,ech,boo11bx1a,boo,p44,0,FALSE,A
395,ech,boo11bx1a,boo,p44,1,FALSE,A
396,ech,boo11bx1a,boo,p44,0,FALSE,A
397,ech,boo11bx1a,boo,p44,0,FALSE,A
398,ech,boo11bx1a,boo,p44,0,FALSE,A
399,ech,boo11bx1a,boo,p44,1,FALSE,A
400,ech,boo11bx1a,boo,p44,0,FALSE,A
401,gos,boo2ax2c,boo,p44,1,FALSE,A
402,gos,boo2ax2c,boo,p44,1,FALSE,A
403,gos,boo2ax2c,boo,p44,2,FALSE,A
404,gos,boo2ax2c,boo,p44,2,FALSE,A
405,gos,boo2ax2c,boo,p44,2,FALSE,A
406,gos,boo2ax2c,boo,p44,3,FALSE,A
407,gos,boo2ax2c,boo,p44,1,FALSE,A
408,gos,boo2ax2c,boo,p44,1,FALSE,A
409,ech,echbulk,ech,p3,3,TRUE,A
410,ech,echbulk,ech,p3,1,TRUE,A
411,ech,echbulk,ech,p3,2,TRUE,A
412,ech,echbulk,ech,p3,0,TRUE,A
413,ech,echbulk,ech,p3,0,TRUE,A
414,ech,echbulk,ech,p3,1,TRUE,A
415,ech,echbulk,ech,p3,0,TRUE,A
416,ech,echbulk,ech,p3,1,TRUE,A
417,gos,ech27ax31a,ech,p6,1,FALSE,A
418,gos,ech27ax31a,ech,p6,1,FALSE,A
419,gos,ech27ax31a,ech,p6,0,FALSE,A
420,gos,ech27ax31a,ech,p6,0,FALSE,A
421,gos,ech27ax31a,ech,p6,0,FALSE,A
422,gos,ech27ax31a,ech,p6,0,FALSE,A
423,gos,ech27ax31a,ech,p6,0,FALSE,A
424,gos,ech27ax31a,ech,p6,1,FALSE,A
425,gos,ech27ax31a,ech,p6,0,FALSE,A
426,gos,ech27ax31a,ech,p6,1,FALSE,A
427,lau,echbulk,ech,p24,0,FALSE,M
428,lau,echbulk,ech,p24,0,FALSE,M
429,lau,echbulk,ech,p24,0,FALSE,M
430,lau,echbulk,ech,p24,0,FALSE,M
431,lau,echbulk,ech,p24,1,FALSE,M
432,lau,echbulk,ech,p24,0,FALSE,M
433,ech,boo11bx1a,boo,p24,4,FALSE,A
434,ech,boo11bx1a,boo,p24,3,FALSE,A
435,ech,boo11bx1a,boo,p24,2,FALSE,A
436,ech,boo11bx1a,boo,p24,0,FALSE,A
437,ech,boo11bx1a,boo,p24,1,FALSE,A
438,ech,boo11bx1a,boo,p24,3,FALSE,A
439,ech,boo11bx1a,boo,p24,1,FALSE,A
440,ech,boo11bx1a,boo,p24,1,FALSE,A
441,ech,boo11bx1a,boo,p24,1,FALSE,A
442,ech,boo11bx1a,boo,p24,2,FALSE,A
443,gos,boo2ax2c,boo,p24,0,FALSE,A
444,gos,boo2ax2c,boo,p24,2,FALSE,A
445,gos,boo2ax2c,boo,p24,2,FALSE,A
446,gos,boo2ax2c,boo,p24,3,FALSE,A
447,gos,boo2ax2c,boo,p24,1,FALSE,A
448,gos,boo2ax2c,boo,p24,0,FALSE,A
449,ech,echbulk,ech,p39,1,TRUE,A
450,ech,echbulk,ech,p39,1,TRUE,A
451,ech,echbulk,ech,p39,1,TRUE,A
452,ech,echbulk,ech,p39,2,TRUE,A
453,ech,echbulk,ech,p39,1,TRUE,A
454,ech,echbulk,ech,p39,1,TRUE,A
455,ech,echbulk,ech,p39,1,TRUE,A
456,ech,echbulk,ech,p39,1,TRUE,A
457,ech,echbulk,ech,p39,1,TRUE,A
458,gos,boo11bx1a,boo,p39,0,FALSE,A
459,gos,boo11bx1a,boo,p39,2,FALSE,A
460,gos,boo11bx1a,boo,p39,1,FALSE,A
461,gos,boo11bx1a,boo,p39,1,FALSE,A
462,gos,boo11bx1a,boo,p39,0,FALSE,A
463,gos,boo11bx1a,boo,p39,3,FALSE,A
464,gos,boo11bx1a,boo,p39,0,FALSE,A
465,gos,boo11bx1a,boo,p39,2,FALSE,A
466,gos,boo11bx1a,boo,p39,1,FALSE,A
467,gos,ech3ax1a,ech,p13,1,FALSE,A
468,gos,ech3ax1a,ech,p13,0,FALSE,A
469,gos,ech3ax1a,ech,p13,4,FALSE,A
470,gos,ech3ax1a,ech,p13,2,FALSE,A
471,gos,ech3ax1a,ech,p13,1,FALSE,A
472,gos,ech3ax1a,ech,p13,2,FALSE,A
473,gos,ech3ax1a,ech,p13,2,FALSE,A
474,gos,ech3ax1a,ech,p13,0,FALSE,A
475,gos,ech3ax1a,ech,p13,0,FALSE,A
476,gos,ech3ax1a,ech,p13,1,FALSE,A
477,ech,boobulk,boo,p37,0,FALSE,A
478,ech,boobulk,boo,p37,0,FALSE,A
479,ech,boobulk,boo,p37,0,FALSE,A
480,ech,boobulk,boo,p37,0,FALSE,A
481,ech,boobulk,boo,p37,0,FALSE,A
482,ech,boobulk,boo,p37,2,FALSE,A
483,ech,boobulk,boo,p37,1,FALSE,A
484,ech,boobulk,boo,p37,1,FALSE,A
485,ech,boobulk,boo,p37,1,FALSE,A
486,ech,boobulk,boo,p37,1,FALSE,A
487,ech,boobulk,boo,p37,1,FALSE,A
488,gos,boo11bx1a,boo,p37,1,FALSE,A
489,gos,boo11bx1a,boo,p37,2,FALSE,A
490,gos,boo11bx1a,boo,p37,2,FALSE,A
491,gos,boo11bx1a,boo,p37,0,FALSE,A
492,gos,boo11bx1a,boo,p37,4,FALSE,A
493,gos,boo11bx1a,boo,p37,1,FALSE,A
494,gos,boo11bx1a,boo,p37,1,FALSE,A
495,gos,boo11bx1a,boo,p37,2,FALSE,A
496,gos,boobulk,boo,p11,4,FALSE,A
497,gos,boobulk,boo,p11,5,FALSE,A
498,gos,boobulk,boo,p11,0,FALSE,A
499,gos,boobulk,boo,p11,2,FALSE,A
500,gos,boobulk,boo,p11,0,FALSE,A
501,gos,boobulk,boo,p11,1,FALSE,A
502,gos,boobulk,boo,p11,2,FALSE,A
503,gos,boobulk,boo,p11,0,FALSE,A
504,lau,g7ax1a,gos,p11,0,FALSE,M
505,lau,g7ax1a,gos,p11,0,FALSE,M
506,lau,g7ax1a,gos,p11,0,FALSE,M
507,ech,echbulk,ech,p32,1,TRUE,A
508,ech,echbulk,ech,p32,4,TRUE,A
509,ech,echbulk,ech,p32,1,TRUE,A
510,ech,echbulk,ech,p32,2,TRUE,A
511,ech,echbulk,ech,p32,1,TRUE,A
512,ech,echbulk,ech,p32,1,TRUE,A
513,ech,echbulk,ech,p32,2,TRUE,A
514,ech,echbulk,ech,p32,0,TRUE,A
515,gos,ech27ax31a,ech,p32,0,FALSE,A
516,gos,ech27ax31a,ech,p32,1,FALSE,A
517,gos,ech27ax31a,ech,p32,1,FALSE,A
518,gos,ech27ax31a,ech,p32,2,FALSE,A
519,gos,ech27ax31a,ech,p32,0,FALSE,A
520,gos,ech27ax31a,ech,p32,2,FALSE,A
521,gos,ech27ax31a,ech,p32,1,FALSE,A
522,gos,ech27ax31a,ech,p32,0,FALSE,A
523,gos,ech27ax31a,ech,p32,0,FALSE,A
524,gos,ech27ax31a,ech,p32,0,FALSE,A
525,gos,ech27ax31a,ech,p49,1,FALSE,A
526,gos,ech27ax31a,ech,p49,0,FALSE,A
527,gos,ech27ax31a,ech,p49,1,FALSE,A
528,gos,ech27ax31a,ech,p49,1,FALSE,A
529,gos,ech27ax31a,ech,p49,1,FALSE,A
530,gos,ech27ax31a,ech,p49,1,FALSE,A
531,ech,boobulk,boo,p12,1,FALSE,A
532,ech,boobulk,boo,p12,1,FALSE,A
533,ech,boobulk,boo,p12,0,FALSE,A
534,ech,boobulk,boo,p12,4,FALSE,A
535,ech,boobulk,boo,p12,2,FALSE,A
536,ech,boobulk,boo,p12,1,FALSE,A
537,ech,boobulk,boo,p12,1,FALSE,A
538,ech,boobulk,boo,p12,1,FALSE,A
539,gos,ech3ax1a,ech,p12,4,FALSE,A
540,gos,ech3ax1a,ech,p12,1,FALSE,A
541,gos,ech3ax1a,ech,p12,2,FALSE,A
542,gos,ech3ax1a,ech,p12,2,FALSE,A
543,gos,ech3ax1a,ech,p12,0,FALSE,A
544,gos,ech3ax1a,ech,p12,0,FALSE,A
545,gos,ech3ax1a,ech,p12,0,FALSE,A
546,gos,ech3ax1a,ech,p12,0,FALSE,A
547,gos,ech3ax1a,ech,p12,2,FALSE,A
548,gos,boo11bx1a,boo,p30,2,FALSE,A
549,gos,boo11bx1a,boo,p30,2,FALSE,A
550,gos,boo11bx1a,boo,p30,2,FALSE,A
551,gos,boo11bx1a,boo,p30,0,FALSE,A
552,gos,boo11bx1a,boo,p30,0,FALSE,A
553,gos,boo11bx1a,boo,p30,3,FALSE,A
554,gos,boo11bx1a,boo,p30,2,FALSE,A
555,gos,boo11bx1a,boo,p30,0,FALSE,A
556,ech,echbulk,ech,p30,0,TRUE,A
557,ech,echbulk,ech,p30,0,TRUE,A
558,ech,echbulk,ech,p30,0,TRUE,A
559,ech,echbulk,ech,p30,0,TRUE,A
560,ech,echbulk,ech,p30,1,TRUE,A
561,ech,echbulk,ech,p30,0,TRUE,A
562,ech,echbulk,ech,p30,4,TRUE,A
563,ech,echbulk,ech,p30,1,TRUE,A
564,ech,echbulk,ech,p30,2,TRUE,A
565,lau,g7ax1a,gos,p34,0,FALSE,M
566,lau,g7ax1a,gos,p34,0,FALSE,M
567,lau,g7ax1a,gos,p34,0,FALSE,M
568,lau,g7ax1a,gos,p34,0,FALSE,M
569,lau,g7ax1a,gos,p34,0,FALSE,M
570,lau,g7ax1a,gos,p34,0,FALSE,M
571,lau,g7ax1a,gos,p34,0,FALSE,M
572,lau,g7ax1a,gos,p34,0,FALSE,M
573,ech,ech27ax31a,ech,p34,1,TRUE,A
574,ech,ech27ax31a,ech,p34,1,TRUE,A
575,ech,ech27ax31a,ech,p34,0,TRUE,A
576,ech,ech27ax31a,ech,p34,0,TRUE,A
577,ech,ech27ax31a,ech,p34,1,TRUE,A
578,ech,ech27ax31a,ech,p34,0,TRUE,A
579,ech,ech27ax31a,ech,p34,3,TRUE,A
580,ech,ech27ax31a,ech,p34,0,TRUE,A
581,ech,ech27ax31a,ech,p34,1,TRUE,A
582,ech,ech27ax31a,ech,p34,1,TRUE,A
583,gos,boobulk,boo,p34,1,FALSE,A
584,gos,boobulk,boo,p34,1,FALSE,A
585,gos,boobulk,boo,p34,2,FALSE,A
586,gos,boobulk,boo,p34,2,FALSE,A
587,gos,boobulk,boo,p34,1,FALSE,A
588,gos,boobulk,boo,p34,3,FALSE,A
589,gos,ech27ax31a,ech,p21,2,FALSE,A
590,gos,ech27ax31a,ech,p21,2,FALSE,A
591,gos,ech27ax31a,ech,p21,0,FALSE,A
592,gos,ech27ax31a,ech,p21,2,FALSE,A
593,gos,ech27ax31a,ech,p21,5,FALSE,A
594,gos,ech27ax31a,ech,p21,2,FALSE,A
595,gos,ech27ax31a,ech,p21,1,FALSE,A
596,gos,ech27ax31a,ech,p21,0,FALSE,A
597,gos,ech27ax31a,ech,p21,2,FALSE,A
598,ech,boo2ax2c,boo,p21,0,FALSE,A
599,ech,boo2ax2c,boo,p21,0,FALSE,A
600,ech,boo2ax2c,boo,p21,0,FALSE,A
601,ech,boo2ax2c,boo,p21,2,FALSE,A
602,ech,boo2ax2c,boo,p21,2,FALSE,A
603,ech,boo2ax2c,boo,p21,0,FALSE,A
604,ech,boo2ax2c,boo,p21,0,FALSE,A
605,ech,boo2ax2c,boo,p21,2,FALSE,A
606,ech,boo2ax2c,boo,p21,1,FALSE,A
607,ech,boo2ax2c,boo,p21,1,FALSE,A
608,ech,boobulk,boo,p28,0,FALSE,A
609,ech,boobulk,boo,p28,3,FALSE,A
610,ech,boobulk,boo,p28,0,FALSE,A
611,ech,boobulk,boo,p28,2,FALSE,A
612,ech,boobulk,boo,p28,1,FALSE,A
613,ech,boobulk,boo,p28,1,FALSE,A
614,ech,boobulk,boo,p28,0,FALSE,A
615,ech,boobulk,boo,p28,2,FALSE,A
616,gos,ech27ax31a,ech,p28,1,FALSE,A
617,gos,ech27ax31a,ech,p28,1,FALSE,A
618,gos,ech27ax31a,ech,p28,1,FALSE,A
619,gos,ech27ax31a,ech,p28,1,FALSE,A
620,gos,ech27ax31a,ech,p28,3,FALSE,A
621,gos,ech27ax31a,ech,p28,1,FALSE,A
622,gos,ech27ax31a,ech,p28,3,FALSE,A
623,gos,boo2ax2c,boo,p25,0,FALSE,A
624,gos,boo2ax2c,boo,p25,0,FALSE,A
625,gos,boo2ax2c,boo,p25,0,FALSE,A
626,gos,boo2ax2c,boo,p25,0,FALSE,A
627,gos,boo2ax2c,boo,p25,0,FALSE,A
628,lau,echbulk,ech,p25,0,FALSE,M
629,lau,echbulk,ech,p25,0,FALSE,M
630,lau,echbulk,ech,p25,0,FALSE,M
631,lau,echbulk,ech,p25,0,FALSE,M
632,lau,echbulk,ech,p25,0,FALSE,M
633,lau,echbulk,ech,p25,0,FALSE,M
634,lau,echbulk,ech,p25,0,FALSE,M
635,lau,echbulk,ech,p25,0,FALSE,M
636,lau,echbulk,ech,p25,0,FALSE,M
637,lau,echbulk,ech,p25,0,FALSE,M
638,ech,boo11bx1a,boo,p25,0,FALSE,A
639,ech,boo11bx1a,boo,p25,2,FALSE,A
640,ech,boo11bx1a,boo,p25,0,FALSE,A
641,ech,boo11bx1a,boo,p25,3,FALSE,A
642,ech,boo11bx1a,boo,p25,2,FALSE,A
643,ech,boo11bx1a,boo,p25,4,FALSE,A
644,ech,boo11bx1a,boo,p25,0,FALSE,A
645,ech,boo11bx1a,boo,p25,2,FALSE,A
646,ech,boo11bx1a,boo,p25,1,FALSE,A
647,gos,boobulk,boo,p41,1,FALSE,A
648,gos,boobulk,boo,p41,2,FALSE,A
649,gos,boobulk,boo,p41,1,FALSE,A
650,gos,boobulk,boo,p41,4,FALSE,A
651,gos,boobulk,boo,p41,1,FALSE,A
652,gos,boobulk,boo,p41,1,FALSE,A
653,gos,boobulk,boo,p41,3,FALSE,A
654,gos,boobulk,boo,p41,5,FALSE,A
655,lau,g7ax1a,gos,p41,0,FALSE,M
656,lau,g7ax1a,gos,p41,0,FALSE,M
657,lau,g7ax1a,gos,p41,0,FALSE,M
658,lau,g7ax1a,gos,p41,0,FALSE,M
659,lau,g7ax1a,gos,p41,0,FALSE,M
660,lau,g7ax1a,gos,p41,0,FALSE,M
661,lau,g7ax1a,gos,p41,0,FALSE,M
662,lau,g7ax1a,gos,p41,0,FALSE,M
663,lau,g7ax1a,gos,p41,0,FALSE,M
664,lau,g7ax1a,gos,p41,0,FALSE,M
665,ech,ech27ax31a,ech,p41,1,TRUE,A
666,ech,ech27ax31a,ech,p41,1,TRUE,A
667,ech,ech27ax31a,ech,p41,1,TRUE,A
668,ech,ech27ax31a,ech,p41,0,TRUE,A
669,ech,ech27ax31a,ech,p41,2,TRUE,A
670,ech,ech27ax31a,ech,p41,0,TRUE,A
671,gos,boobulk,boo,p35,3,FALSE,A
672,gos,boobulk,boo,p35,3,FALSE,A
673,gos,boobulk,boo,p35,0,FALSE,A
674,gos,boobulk,boo,p35,0,FALSE,A
675,gos,boobulk,boo,p35,2,FALSE,A
676,lau,g7ax1a,gos,p35,0,FALSE,M
677,lau,g7ax1a,gos,p35,0,FALSE,M
678,lau,g7ax1a,gos,p35,0,FALSE,M
679,lau,g7ax1a,gos,p35,0,FALSE,M
680,lau,g7ax1a,gos,p35,0,FALSE,M
681,lau,g7ax1a,gos,p35,0,FALSE,M
682,lau,g7ax1a,gos,p35,0,FALSE,M
683,lau,g7ax1a,gos,p35,0,FALSE,M
684,ech,ech27ax31a,ech,p35,2,TRUE,A
685,ech,ech27ax31a,ech,p35,1,TRUE,A
686,ech,ech27ax31a,ech,p35,0,TRUE,A
687,ech,ech27ax31a,ech,p35,1,TRUE,A
688,ech,ech27ax31a,ech,p35,0,TRUE,A
689,ech,ech27ax31a,ech,p35,1,TRUE,A
690,ech,ech27ax31a,ech,p35,2,TRUE,A
691,ech,ech27ax31a,ech,p35,0,TRUE,A
692,ech,boobulk,boo,p17,1,FALSE,A
693,ech,boobulk,boo,p17,3,FALSE,A
694,ech,boobulk,boo,p17,0,FALSE,A
695,ech,boobulk,boo,p17,0,FALSE,A
696,ech,boobulk,boo,p17,1,FALSE,A
697,ech,boobulk,boo,p17,3,FALSE,A
698,ech,boobulk,boo,p17,2,FALSE,A
699,ech,boobulk,boo,p17,0,FALSE,A
700,ech,boobulk,boo,p17,1,FALSE,A
701,ech,echbulk,ech,p7,1,TRUE,A
702,ech,echbulk,ech,p7,2,TRUE,A
703,ech,echbulk,ech,p7,0,TRUE,A
704,ech,echbulk,ech,p7,2,TRUE,A
705,ech,echbulk,ech,p7,1,TRUE,A
706,ech,echbulk,ech,p7,1,TRUE,A
707,gos,ech3ax1a,ech,p7,1,FALSE,A
708,gos,ech3ax1a,ech,p7,2,FALSE,A
709,gos,ech3ax1a,ech,p7,0,FALSE,A
710,gos,ech3ax1a,ech,p7,0,FALSE,A
711,gos,ech3ax1a,ech,p7,2,FALSE,A
712,gos,ech3ax1a,ech,p7,0,FALSE,A
713,gos,ech3ax1a,ech,p7,0,FALSE,A
714,gos,ech3ax1a,ech,p7,3,FALSE,A
715,gos,ech3ax1a,ech,p7,2,FALSE,A
716,gos,boo11bx1a,boo,p42,0,FALSE,A
717,gos,boo11bx1a,boo,p42,1,FALSE,A
718,gos,boo11bx1a,boo,p42,0,FALSE,A
719,gos,boo11bx1a,boo,p42,1,FALSE,A
720,gos,boo11bx1a,boo,p42,1,FALSE,A
721,gos,boo11bx1a,boo,p42,2,FALSE,A
722,gos,boo11bx1a,boo,p42,3,FALSE,A
723,gos,boo11bx1a,boo,p42,0,FALSE,A
724,gos,boo11bx1a,boo,p42,0,FALSE,A
725,ech,ech27ax31a,ech,p47,1,TRUE,A
726,ech,ech27ax31a,ech,p47,0,TRUE,A
727,ech,ech27ax31a,ech,p47,0,TRUE,A
728,ech,ech27ax31a,ech,p47,0,TRUE,A
729,ech,ech27ax31a,ech,p47,1,TRUE,A
730,ech,ech27ax31a,ech,p47,0,TRUE,A
731,ech,ech27ax31a,ech,p47,1,TRUE,A
732,lau,g7ax1a,gos,p47,0,FALSE,M
733,lau,g7ax1a,gos,p47,0,FALSE,M
734,lau,g7ax1a,gos,p47,0,FALSE,M
735,lau,g7ax1a,gos,p47,0,FALSE,M
736,lau,g7ax1a,gos,p47,0,FALSE,M
737,lau,g7ax1a,gos,p47,0,FALSE,M
738,lau,g7ax1a,gos,p47,0,FALSE,M
739,lau,g7ax1a,gos,p47,0,FALSE,M
740,lau,g7ax1a,gos,p47,0,FALSE,M
741,gos,boobulk,boo,p47,2,FALSE,A
742,gos,boobulk,boo,p47,2,FALSE,A
743,gos,boobulk,boo,p47,2,FALSE,A
744,gos,boobulk,boo,p47,2,FALSE,A
745,gos,boobulk,boo,p47,2,FALSE,A
746,gos,boobulk,boo,p47,0,FALSE,A
747,gos,boobulk,boo,p47,1,FALSE,A
748,ech,boobulk,boo,p4,1,FALSE,A
749,ech,boobulk,boo,p4,1,FALSE,A
750,ech,boobulk,boo,p4,2,FALSE,A
751,ech,boobulk,boo,p4,2,FALSE,A
752,ech,boobulk,boo,p4,2,FALSE,A
753,ech,boobulk,boo,p4,2,FALSE,A
754,ech,boobulk,boo,p4,1,FALSE,A
755,ech,boobulk,boo,p4,1,FALSE,A
756,gos,boo11bx1a,boo,p4,1,FALSE,A
757,gos,boo11bx1a,boo,p4,0,FALSE,A
758,gos,boo11bx1a,boo,p4,0,FALSE,A
759,gos,boo11bx1a,boo,p4,4,FALSE,A
760,gos,boo11bx1a,boo,p4,2,FALSE,A
761,gos,boo11bx1a,boo,p4,1,FALSE,A
762,lau,echbulk,ech,p38,0,FALSE,M
763,lau,echbulk,ech,p38,0,FALSE,M
764,lau,echbulk,ech,p38,0,FALSE,M
765,lau,echbulk,ech,p38,0,FALSE,M
766,lau,echbulk,ech,p38,1,FALSE,M
767,lau,echbulk,ech,p38,1,FALSE,M
768,lau,echbulk,ech,p38,0,FALSE,M
769,ech,boo11bx1a,boo,p38,3,FALSE,A
770,ech,boo11bx1a,boo,p38,1,FALSE,A
771,ech,boo11bx1a,boo,p38,1,FALSE,A
772,ech,boo11bx1a,boo,p38,2,FALSE,A
773,ech,boo11bx1a,boo,p38,0,FALSE,A
774,ech,boo11bx1a,boo,p38,0,FALSE,A
775,ech,boo11bx1a,boo,p38,4,FALSE,A
776,ech,boo11bx1a,boo,p38,0,FALSE,A
777,ech,boo11bx1a,boo,p38,4,FALSE,A
778,gos,boo2ax2c,boo,p38,1,FALSE,A
779,gos,boo2ax2c,boo,p38,2,FALSE,A
780,gos,boo2ax2c,boo,p38,3,FALSE,A
781,gos,boo2ax2c,boo,p38,0,FALSE,A
782,gos,boo2ax2c,boo,p38,2,FALSE,A
783,gos,boo2ax2c,boo,p38,1,FALSE,A
784,gos,boo2ax2c,boo,p38,3,FALSE,A
785,gos,boo2ax2c,boo,p38,0,FALSE,A
786,gos,boo2ax2c,boo,p38,2,FALSE,A
787,gos,boo2ax2c,boo,p38,0,FALSE,A
788,gos,ech3ax1a,ech,p22,0,FALSE,A
789,gos,ech3ax1a,ech,p22,0,FALSE,A
790,gos,ech3ax1a,ech,p22,0,FALSE,A
791,gos,ech3ax1a,ech,p22,0,FALSE,A
792,gos,ech3ax1a,ech,p22,1,FALSE,A
793,gos,ech3ax1a,ech,p22,0,FALSE,A
794,gos,ech3ax1a,ech,p22,0,FALSE,A
795,gos,ech3ax1a,ech,p22,0,FALSE,A
796,gos,ech3ax1a,ech,p1,1,FALSE,A
797,gos,ech3ax1a,ech,p1,2,FALSE,A
798,gos,ech3ax1a,ech,p1,2,FALSE,A
799,gos,ech3ax1a,ech,p1,0,FALSE,A
800,gos,ech3ax1a,ech,p1,2,FALSE,A
801,gos,ech3ax1a,ech,p1,1,FALSE,A
802,gos,ech3ax1a,ech,p1,2,FALSE,A
803,gos,ech3ax1a,ech,p1,0,FALSE,A
804,gos,ech3ax1a,ech,p1,2,FALSE,A
805,lau,ech3ax1a,ech,p33,1,FALSE,M
806,lau,ech3ax1a,ech,p33,1,FALSE,M
807,lau,ech3ax1a,ech,p33,0,FALSE,M
808,lau,ech3ax1a,ech,p33,0,FALSE,M
809,lau,ech3ax1a,ech,p33,0,FALSE,M
810,lau,ech3ax1a,ech,p33,0,FALSE,M
811,lau,ech3ax1a,ech,p33,0,FALSE,M
812,lau,ech3ax1a,ech,p33,0,FALSE,M
813,rob,ech27ax31a,ech,p33,0,FALSE,M
814,lau,ech27ax31a,ech,p22,0,FALSE,M
815,lau,ech27ax31a,ech,p22,0,FALSE,M
816,lau,ech27ax31a,ech,p22,0,FALSE,M
817,lau,ech27ax31a,ech,p22,0,FALSE,M
818,lau,ech27ax31a,ech,p22,3,FALSE,M
819,lau,ech27ax31a,ech,p22,0,FALSE,M
820,lau,ech27ax31a,ech,p22,0,FALSE,M
821,lau,ech27ax31a,ech,p22,0,FALSE,M
822,lau,ech27ax31a,ech,p22,0,FALSE,M
823,lau,ech3ax1a,ech,p9,0,FALSE,M
824,lau,ech3ax1a,ech,p9,0,FALSE,M
825,lau,ech3ax1a,ech,p9,1,FALSE,M
826,lau,ech3ax1a,ech,p9,1,FALSE,M
827,lau,ech3ax1a,ech,p9,0,FALSE,M
828,lau,ech3ax1a,ech,p9,0,FALSE,M
829,lau,ech3ax1a,ech,p9,0,FALSE,M
830,lau,ech3ax1a,ech,p9,0,FALSE,M
831,lau,ech3ax1a,ech,p9,0,FALSE,M
832,gos,g10ax12a,gos,p9,0,TRUE,A
833,gos,g10ax12a,gos,p9,0,TRUE,A
834,gos,g10ax12a,gos,p9,1,TRUE,A
835,gos,g10ax12a,gos,p9,0,TRUE,A
836,gos,g10ax12a,gos,p9,3,TRUE,A
837,gos,g10ax12a,gos,p9,2,TRUE,A
838,gos,g10ax12a,gos,p9,2,TRUE,A
839,lau,ech27ax31a,ech,p48,0,FALSE,M
840,lau,ech27ax31a,ech,p48,0,FALSE,M
841,lau,ech27ax31a,ech,p48,0,FALSE,M
842,lau,ech27ax31a,ech,p48,0,FALSE,M
843,lau,ech27ax31a,ech,p48,0,FALSE,M
844,lau,ech27ax31a,ech,p48,0,FALSE,M
845,lau,ech27ax31a,ech,p48,0,FALSE,M
846,lau,ech27ax31a,ech,p48,0,FALSE,M
847,lau,ech3ax1a,ech,p29,0,FALSE,M
848,lau,ech3ax1a,ech,p29,0,FALSE,M
849,lau,ech3ax1a,ech,p29,0,FALSE,M
850,lau,ech3ax1a,ech,p29,0,FALSE,M
851,lau,ech3ax1a,ech,p29,0,FALSE,M
852,lau,ech3ax1a,ech,p29,0,FALSE,M
853,lau,ech3ax1a,ech,p29,0,FALSE,M
854,lau,ech3ax1a,ech,p29,0,FALSE,M
855,gos,g10ax12a,gos,p29,1,TRUE,A
856,gos,g10ax12a,gos,p29,2,TRUE,A
857,gos,g10ax12a,gos,p29,1,TRUE,A
858,gos,g10ax12a,gos,p29,2,TRUE,A
859,gos,g10ax12a,gos,p29,0,TRUE,A
860,gos,g10ax12a,gos,p29,0,TRUE,A
861,lau,boo11bx1a,boo,p7,0,FALSE,M
862,lau,boo11bx1a,boo,p7,0,FALSE,M
863,lau,boo11bx1a,boo,p7,0,FALSE,M
864,lau,boo11bx1a,boo,p7,0,FALSE,M
865,lau,boo11bx1a,boo,p7,0,FALSE,M
866,lau,boo11bx1a,boo,p7,1,FALSE,M
867,lau,boo11bx1a,boo,p7,2,FALSE,M
868,lau,boo11bx1a,boo,p43,0,FALSE,M
869,lau,boo11bx1a,boo,p43,0,FALSE,M
870,lau,boo11bx1a,boo,p43,0,FALSE,M
871,lau,boo11bx1a,boo,p43,0,FALSE,M
872,ech,boo2ax2c,boo,p43,1,FALSE,A
873,ech,boo2ax2c,boo,p43,1,FALSE,A
874,ech,boo2ax2c,boo,p43,1,FALSE,A
875,ech,boo2ax2c,boo,p43,0,FALSE,A
876,ech,boo2ax2c,boo,p43,1,FALSE,A
877,ech,boo2ax2c,boo,p43,1,FALSE,A
878,ech,boo2ax2c,boo,p43,1,FALSE,A
879,ech,boo2ax2c,boo,p43,0,FALSE,A
880,ech,boo2ax2c,boo,p43,0,FALSE,A
881,gos,g10ax12a,gos,p43,1,TRUE,A
882,gos,g10ax12a,gos,p43,0,TRUE,A
883,gos,g10ax12a,gos,p43,0,TRUE,A
884,gos,g10ax12a,gos,p43,0,TRUE,A
885,gos,g10ax12a,gos,p43,0,TRUE,A
886,gos,g10ax12a,gos,p43,3,TRUE,A
887,gos,g10ax12a,gos,p43,1,TRUE,A
888,gos,g10ax12a,gos,p43,0,TRUE,A
889,lau,ech27ax31a,ech,p36,0,FALSE,M
890,lau,ech27ax31a,ech,p36,0,FALSE,M
891,lau,ech27ax31a,ech,p36,0,FALSE,M
892,lau,ech27ax31a,ech,p36,1,FALSE,M
893,lau,ech27ax31a,ech,p36,0,FALSE,M
894,lau,ech27ax31a,ech,p36,0,FALSE,M
895,lau,ech27ax31a,ech,p36,0,FALSE,M
896,lau,ech27ax31a,ech,p36,0,FALSE,M
897,lau,ech27ax31a,ech,p36,0,FALSE,M
898,lau,ech27ax31a,ech,p36,0,FALSE,M
899,ech,g10ax12a,gos,p36,3,FALSE,A
900,ech,g10ax12a,gos,p36,0,FALSE,A
901,ech,g10ax12a,gos,p36,0,FALSE,A
902,ech,g10ax12a,gos,p36,0,FALSE,A
903,ech,g10ax12a,gos,p36,0,FALSE,A
904,ech,g10ax12a,gos,p36,0,FALSE,A
905,ech,g10ax12a,gos,p36,0,FALSE,A
906,ech,g10ax12a,gos,p36,2,FALSE,A
907,lau,ech3ax1a,ech,p15,0,FALSE,M
908,lau,ech3ax1a,ech,p15,0,FALSE,M
909,lau,ech3ax1a,ech,p15,1,FALSE,M
910,lau,ech3ax1a,ech,p15,2,FALSE,M
911,lau,ech3ax1a,ech,p15,0,FALSE,M
912,lau,ech3ax1a,ech,p15,1,FALSE,M
913,gos,g10ax12a,gos,p15,1,TRUE,A
914,gos,g10ax12a,gos,p15,0,TRUE,A
915,gos,g10ax12a,gos,p15,1,TRUE,A
916,gos,g10ax12a,gos,p15,0,TRUE,A
917,gos,g10ax12a,gos,p15,0,TRUE,A
918,gos,g10ax12a,gos,p15,0,TRUE,A
919,gos,g10ax12a,gos,p15,0,TRUE,A
920,gos,g10ax12a,gos,p15,1,TRUE,A
921,ech,boo2ax2c,boo,p42,0,FALSE,A
922,ech,boo2ax2c,boo,p42,1,FALSE,A
923,ech,boo2ax2c,boo,p42,0,FALSE,A
924,ech,boo2ax2c,boo,p42,2,FALSE,A
925,ech,boo2ax2c,boo,p42,1,FALSE,A
926,ech,boo2ax2c,boo,p42,2,FALSE,A
927,ech,boo2ax2c,boo,p42,1,FALSE,A
928,ech,boo2ax2c,boo,p42,4,FALSE,A
929,ech,boo2ax2c,boo,p42,1,FALSE,A
930,lau,boo11bx1a,boo,p42,0,FALSE,M
931,lau,boo11bx1a,boo,p42,0,FALSE,M
932,lau,boo11bx1a,boo,p42,0,FALSE,M
933,lau,boo11bx1a,boo,p42,0,FALSE,M
934,lau,boo11bx1a,boo,p42,0,FALSE,M
935,lau,boo11bx1a,boo,p42,1,FALSE,M
936,lau,boo11bx1a,boo,p42,0,FALSE,M
937,lau,boo11bx1a,boo,p42,0,FALSE,M
938,lau,boo11bx1a,boo,p42,1,FALSE,M
939,lau,boo11bx1a,boo,p42,0,FALSE,M
940,boo,echbulk,ech,p50,2,FALSE,M
941,boo,echbulk,ech,p50,1,FALSE,M
942,boo,echbulk,ech,p50,0,FALSE,M
943,boo,echbulk,ech,p50,0,FALSE,M
944,boo,echbulk,ech,p50,1,FALSE,M
945,lau,ech27ax31a,ech,p10,0,FALSE,M
946,lau,ech27ax31a,ech,p10,0,FALSE,M
947,lau,ech27ax31a,ech,p10,0,FALSE,M
948,lau,ech27ax31a,ech,p10,0,FALSE,M
949,lau,ech27ax31a,ech,p10,0,FALSE,M
950,lau,ech27ax31a,ech,p10,0,FALSE,M
951,lau,ech27ax31a,ech,p10,0,FALSE,M
952,lau,ech27ax31a,ech,p10,0,FALSE,M
953,lau,ech27ax31a,ech,p10,0,FALSE,M
954,ech,g10ax12a,gos,p10,2,FALSE,A
955,ech,g10ax12a,gos,p10,0,FALSE,A
956,ech,g10ax12a,gos,p10,1,FALSE,A
957,ech,g10ax12a,gos,p10,0,FALSE,A
958,ech,g10ax12a,gos,p10,0,FALSE,A
959,ech,g10ax12a,gos,p10,0,FALSE,A
960,ech,g10ax12a,gos,p10,1,FALSE,A
961,ech,g10ax12a,gos,p10,1,FALSE,A
962,ech,g10ax12a,gos,p10,0,FALSE,A
963,ech,g10ax12a,gos,p10,3,FALSE,A
964,lau,boo11bx1a,boo,p21,0,FALSE,M
965,lau,boo11bx1a,boo,p21,0,FALSE,M
966,lau,boo11bx1a,boo,p21,1,FALSE,M
967,lau,boo11bx1a,boo,p21,1,FALSE,M
968,lau,boo11bx1a,boo,p21,1,FALSE,M
969,lau,boo11bx1a,boo,p21,0,FALSE,M
970,lau,boo11bx1a,boo,p21,1,FALSE,M
971,lau,boo11bx1a,boo,p21,0,FALSE,M
972,ech,boo2ax2c,boo,p13,1,FALSE,A
973,ech,boo2ax2c,boo,p13,0,FALSE,A
974,ech,boo2ax2c,boo,p13,0,FALSE,A
975,lau,boo11bx1a,boo,p13,0,FALSE,M
976,lau,boo11bx1a,boo,p13,0,FALSE,M
977,lau,boo11bx1a,boo,p13,0,FALSE,M
978,lau,boo11bx1a,boo,p13,0,FALSE,M
979,lau,boo11bx1a,boo,p13,0,FALSE,M
980,lau,boo11bx1a,boo,p13,0,FALSE,M
981,lau,boo11bx1a,boo,p13,0,FALSE,M
982,lau,boo11bx1a,boo,p13,0,FALSE,M
983,lau,ech27ax31a,ech,p49,0,FALSE,M
984,lau,ech27ax31a,ech,p49,0,FALSE,M
985,lau,ech27ax31a,ech,p49,0,FALSE,M
986,lau,ech27ax31a,ech,p49,0,FALSE,M
987,lau,ech27ax31a,ech,p49,0,FALSE,M
988,lau,ech27ax31a,ech,p49,0,FALSE,M
989,lau,ech27ax31a,ech,p49,0,FALSE,M
990,lau,ech27ax31a,ech,p49,0,FALSE,M
991,lau,ech27ax31a,ech,p49,0,FALSE,M
992,gos,g10ax12a,gos,p18,1,TRUE,A
993,gos,g10ax12a,gos,p18,1,TRUE,A
994,gos,g10ax12a,gos,p18,0,TRUE,A
995,gos,g10ax12a,gos,p18,0,TRUE,A
996,gos,g10ax12a,gos,p18,2,TRUE,A
997,gos,g10ax12a,gos,p18,0,TRUE,A
998,lau,ech3ax1a,ech,p18,0,FALSE,M
999,lau,ech3ax1a,ech,p18,0,FALSE,M
1000,lau,ech3ax1a,ech,p18,1,FALSE,M
1001,lau,ech3ax1a,ech,p18,1,FALSE,M
1002,lau,ech3ax1a,ech,p18,1,FALSE,M
1003,lau,ech3ax1a,ech,p18,0,FALSE,M
1004,lau,ech3ax1a,ech,p18,0,FALSE,M
1005,lau,ech3ax1a,ech,p18,0,FALSE,M
1006,rob,boo2ax2c,boo,p18,0,FALSE,M
1007,rob,boo2ax2c,boo,p18,0,FALSE,M
1008,boo,ech3ax1a,ech,p18,0,FALSE,M
1009,boo,ech3ax1a,ech,p18,1,FALSE,M
1010,boo,ech3ax1a,ech,p18,2,FALSE,M
1011,boo,ech3ax1a,ech,p18,0,FALSE,M
1012,rob,ech3ax1a,ech,p13,1,FALSE,M
1013,rob,ech3ax1a,ech,p13,0,FALSE,M
1014,boo,ech27ax31a,ech,p13,0,FALSE,M
1015,boo,ech27ax31a,ech,p13,0,FALSE,M
1016,boo,ech27ax31a,ech,p13,1,FALSE,M
1017,boo,ech27ax31a,ech,p13,0,FALSE,M
1018,boo,ech27ax31a,ech,p13,0,FALSE,M
1019,boo,echbulk,ech,p30,0,FALSE,M
1020,boo,echbulk,ech,p30,0,FALSE,M
1021,boo,echbulk,ech,p30,0,FALSE,M
1022,lau,g10ax12a,gos,p30,0,FALSE,M
1023,lau,g10ax12a,gos,p30,0,FALSE,M
1024,lau,g10ax12a,gos,p30,0,FALSE,M
1025,lau,g10ax12a,gos,p30,0,FALSE,M
1026,lau,g10ax12a,gos,p30,0,FALSE,M
1027,lau,g10ax12a,gos,p30,0,FALSE,M
1028,lau,g10ax12a,gos,p30,1,FALSE,M
1029,lau,g10ax12a,gos,p30,0,FALSE,M
1030,rob,g7ax1a,gos,p30,0,FALSE,M
1031,rob,g7ax1a,gos,p30,0,FALSE,M
1032,rob,g7ax1a,gos,p30,0,FALSE,M
1033,lau,g10ax12a,gos,p3,0,FALSE,M
1034,lau,g10ax12a,gos,p3,0,FALSE,M
1035,lau,g10ax12a,gos,p3,0,FALSE,M
1036,lau,g10ax12a,gos,p3,0,FALSE,M
1037,lau,g10ax12a,gos,p3,1,FALSE,M
1038,lau,g10ax12a,gos,p3,0,FALSE,M
1039,lau,g10ax12a,gos,p3,0,FALSE,M
1040,lau,g10ax12a,gos,p3,0,FALSE,M
1041,lau,g10ax12a,gos,p3,2,FALSE,M
1042,boo,echbulk,ech,p3,0,FALSE,M
1043,boo,echbulk,ech,p3,0,FALSE,M
1044,boo,echbulk,ech,p3,0,FALSE,M
1045,boo,echbulk,ech,p3,1,FALSE,M
1046,boo,echbulk,ech,p3,0,FALSE,M
1047,boo,echbulk,ech,p3,1,FALSE,M
1048,boo,echbulk,ech,p3,0,FALSE,M
1049,boo,ech27ax31a,ech,p24,0,FALSE,M
1050,boo,ech27ax31a,ech,p24,0,FALSE,M
1051,boo,ech27ax31a,ech,p24,0,FALSE,M
1052,boo,ech27ax31a,ech,p24,0,FALSE,M
1053,boo,ech27ax31a,ech,p24,0,FALSE,M
1054,lau,g10ax12a,gos,p39,0,FALSE,M
1055,lau,g10ax12a,gos,p39,0,FALSE,M
1056,lau,g10ax12a,gos,p39,0,FALSE,M
1057,lau,g10ax12a,gos,p39,0,FALSE,M
1058,lau,g10ax12a,gos,p39,0,FALSE,M
1059,lau,g10ax12a,gos,p39,0,FALSE,M
1060,lau,g10ax12a,gos,p39,0,FALSE,M
1061,lau,g10ax12a,gos,p39,0,FALSE,M
1062,lau,g10ax12a,gos,p39,0,FALSE,M
1063,boo,echbulk,ech,p39,0,FALSE,M
1064,boo,echbulk,ech,p39,0,FALSE,M
1065,boo,echbulk,ech,p39,2,FALSE,M
1066,boo,echbulk,ech,p39,0,FALSE,M
1067,rob,g7ax1a,gos,p39,0,FALSE,M
1068,rob,g7ax1a,gos,p39,0,FALSE,M
1069,rob,g7ax1a,gos,p39,0,FALSE,M
1070,rob,g7ax1a,gos,p39,0,FALSE,M
1071,boo,g7ax1a,gos,p49,1,FALSE,M
1072,boo,g7ax1a,gos,p49,0,FALSE,M
1073,boo,g7ax1a,gos,p49,1,FALSE,M
1074,boo,g7ax1a,gos,p49,0,FALSE,M
1075,boo,g7ax1a,gos,p49,0,FALSE,M
1076,ech,g10ax12a,gos,p49,0,FALSE,A
1077,ech,g10ax12a,gos,p49,1,FALSE,A
1078,ech,g10ax12a,gos,p49,0,FALSE,A
1079,ech,g10ax12a,gos,p49,1,FALSE,A
1080,ech,g10ax12a,gos,p49,0,FALSE,A
1081,ech,g10ax12a,gos,p49,3,FALSE,A
1082,ech,g10ax12a,gos,p49,0,FALSE,A
1083,rob,ech27ax31a,ech,p49,1,FALSE,M
1084,rob,boo2ax2c,boo,p17,0,FALSE,M
1085,rob,boo2ax2c,boo,p17,0,FALSE,M
1086,rob,boo2ax2c,boo,p17,0,FALSE,M
1087,rob,boo2ax2c,boo,p17,0,FALSE,M
1088,rob,boo2ax2c,boo,p17,0,FALSE,M
1089,rob,boo2ax2c,boo,p17,0,FALSE,M
1090,boo,ech3ax1a,ech,p17,0,FALSE,M
1091,boo,ech3ax1a,ech,p17,0,FALSE,M
1092,boo,ech3ax1a,ech,p17,0,FALSE,M
1093,boo,ech3ax1a,ech,p17,0,FALSE,M
1094,boo,ech3ax1a,ech,p17,0,FALSE,M
1095,boo,ech3ax1a,ech,p17,0,FALSE,M
1096,rob,ech3ax1a,ech,p32,0,FALSE,M
1097,boo,ech27ax31a,ech,p32,1,FALSE,M
1098,boo,ech27ax31a,ech,p32,1,FALSE,M
1099,boo,ech27ax31a,ech,p32,0,FALSE,M
1100,boo,ech27ax31a,ech,p32,0,FALSE,M
1101,boo,ech27ax31a,ech,p32,0,FALSE,M
1102,boo,ech27ax31a,ech,p32,0,FALSE,M
1103,boo,boo2ax2c,boo,p41,0,TRUE,M
1104,boo,boo2ax2c,boo,p41,0,TRUE,M
1105,rob,boobulk,boo,p41,0,FALSE,M
1106,rob,boobulk,boo,p41,2,FALSE,M
1107,rob,boobulk,boo,p41,0,FALSE,M
1108,rob,g7ax1a,gos,p50,0,FALSE,M
1109,rob,g7ax1a,gos,p50,1,FALSE,M
1110,rob,g7ax1a,gos,p50,0,FALSE,M
1111,rob,g7ax1a,gos,p50,0,FALSE,M
1112,lau,g10ax12a,gos,p50,0,FALSE,M
1113,lau,g10ax12a,gos,p50,0,FALSE,M
1114,lau,g10ax12a,gos,p50,0,FALSE,M
1115,lau,g10ax12a,gos,p50,1,FALSE,M
1116,lau,g10ax12a,gos,p50,0,FALSE,M
1117,ech,g10ax12a,gos,p50,0,FALSE,A
1118,ech,g10ax12a,gos,p50,2,FALSE,A
1119,ech,g10ax12a,gos,p50,0,FALSE,A
1120,ech,g10ax12a,gos,p50,1,FALSE,A
1121,ech,g10ax12a,gos,p50,0,FALSE,A
1122,ech,g10ax12a,gos,p50,2,FALSE,A
1123,ech,g10ax12a,gos,p50,0,FALSE,A
1124,ech,g10ax12a,gos,p50,2,FALSE,A
1125,boo,echbulk,ech,p12,0,FALSE,M
1126,boo,echbulk,ech,p12,0,FALSE,M
1127,boo,echbulk,ech,p12,0,FALSE,M
1128,boo,echbulk,ech,p12,0,FALSE,M
1129,boo,echbulk,ech,p12,1,FALSE,M
1130,boo,echbulk,ech,p12,0,FALSE,M
1131,lau,g10ax12a,gos,p12,0,FALSE,M
1132,lau,g10ax12a,gos,p12,0,FALSE,M
1133,lau,g10ax12a,gos,p12,0,FALSE,M
1134,lau,g10ax12a,gos,p12,0,FALSE,M
1135,lau,g10ax12a,gos,p12,0,FALSE,M
1136,lau,g10ax12a,gos,p12,0,FALSE,M
1137,lau,g10ax12a,gos,p12,1,FALSE,M
1138,lau,g10ax12a,gos,p12,0,FALSE,M
1139,lau,g10ax12a,gos,p12,0,FALSE,M
1140,lau,g10ax12a,gos,p12,0,FALSE,M
1141,rob,boobulk,boo,p21,0,FALSE,M
1142,boo,boo2ax2c,boo,p21,0,TRUE,M
1143,boo,boo2ax2c,boo,p21,0,TRUE,M
1144,boo,boo2ax2c,boo,p21,0,TRUE,M
1145,rob,boobulk,boo,p28,0,FALSE,M
1146,boo,boo2ax2c,boo,p28,0,TRUE,M
1147,boo,boo2ax2c,boo,p28,0,TRUE,M
1148,boo,boo2ax2c,boo,p28,0,TRUE,M
1149,boo,boo2ax2c,boo,p28,0,TRUE,M
1150,boo,boo2ax2c,boo,p28,1,TRUE,M
1151,boo,boo2ax2c,boo,p28,0,TRUE,M
1152,boo,boo2ax2c,boo,p28,0,TRUE,M
1153,boo,boo2ax2c,boo,p28,0,TRUE,M
1154,boo,boo2ax2c,boo,p28,1,TRUE,M
1155,rob,boo2ax2c,boo,p42,0,FALSE,M
1156,rob,boo2ax2c,boo,p42,1,FALSE,M
1157,boo,ech3ax1a,ech,p42,0,FALSE,M
1158,boo,ech27ax31a,ech,p44,0,FALSE,M
1159,boo,ech27ax31a,ech,p44,0,FALSE,M
1160,boo,ech27ax31a,ech,p44,0,FALSE,M
1161,boo,ech27ax31a,ech,p44,0,FALSE,M
1162,boo,ech27ax31a,ech,p44,0,FALSE,M
1163,boo,ech27ax31a,ech,p44,0,FALSE,M
1164,rob,ech3ax1a,ech,p44,2,FALSE,M
1165,rob,ech3ax1a,ech,p44,2,FALSE,M
1166,rob,ech3ax1a,ech,p44,0,FALSE,M
1167,ech,boo2ax2c,boo,p19,0,FALSE,A
1168,ech,boo2ax2c,boo,p19,4,FALSE,A
1169,ech,boo2ax2c,boo,p19,1,FALSE,A
1170,ech,boo2ax2c,boo,p19,1,FALSE,A
1171,ech,boo2ax2c,boo,p19,0,FALSE,A
1172,ech,boo2ax2c,boo,p19,0,FALSE,A
1173,ech,boo2ax2c,boo,p19,0,FALSE,A
1174,ech,boo2ax2c,boo,p19,0,FALSE,A
1175,ech,boo2ax2c,boo,p19,1,FALSE,A
1176,rob,ech3ax1a,ech,p19,0,FALSE,M
1177,rob,ech3ax1a,ech,p19,0,FALSE,M
1178,rob,ech3ax1a,ech,p19,1,FALSE,M
1179,rob,ech3ax1a,ech,p19,0,FALSE,M
1180,rob,ech3ax1a,ech,p19,2,FALSE,M
1181,boo,ech27ax31a,ech,p19,0,FALSE,M
1182,boo,ech27ax31a,ech,p19,0,FALSE,M
1183,boo,ech27ax31a,ech,p19,0,FALSE,M
1184,boo,ech27ax31a,ech,p19,0,FALSE,M
1185,boo,g7ax1a,gos,p33,0,FALSE,M
1186,boo,g7ax1a,gos,p33,0,FALSE,M
1187,boo,g7ax1a,gos,p33,0,FALSE,M
1188,boo,g7ax1a,gos,p33,0,FALSE,M
1189,boo,g7ax1a,gos,p33,0,FALSE,M
1190,boo,g7ax1a,gos,p29,1,FALSE,M
1191,boo,g7ax1a,gos,p29,0,FALSE,M
1192,boo,g7ax1a,gos,p29,0,FALSE,M
1193,boo,g7ax1a,gos,p29,0,FALSE,M
1194,boo,g7ax1a,gos,p29,0,FALSE,M
1195,rob,ech27ax31a,ech,p29,1,FALSE,M
1196,boo,ech3ax1a,ech,p35,0,FALSE,M
1197,boo,ech3ax1a,ech,p35,0,FALSE,M
1198,boo,ech3ax1a,ech,p35,0,FALSE,M
1199,rob,boo2ax2c,boo,p35,0,FALSE,M
1200,boo,boo2ax2c,boo,p4,0,TRUE,M
1201,boo,boo2ax2c,boo,p4,0,TRUE,M
1202,boo,boo2ax2c,boo,p4,0,TRUE,M
1203,boo,boo2ax2c,boo,p4,0,TRUE,M
1204,boo,boo2ax2c,boo,p4,1,TRUE,M
1205,boo,boo2ax2c,boo,p4,0,TRUE,M
1206,boo,boo2ax2c,boo,p4,0,TRUE,M
1207,rob,boobulk,boo,p4,1,FALSE,M
1208,rob,boobulk,boo,p4,1,FALSE,M
1209,boo,ech3ax1a,ech,p48,0,FALSE,M
1210,boo,ech3ax1a,ech,p48,0,FALSE,M
1211,boo,ech3ax1a,ech,p48,0,FALSE,M
1212,boo,ech3ax1a,ech,p48,1,FALSE,M
1213,rob,boo2ax2c,boo,p48,0,FALSE,M
1214,rob,boo2ax2c,boo,p48,0,FALSE,M
1215,rob,boo2ax2c,boo,p48,0,FALSE,M
1216,gos,boo11bx1a,boo,p48,1,FALSE,A
1217,gos,boo11bx1a,boo,p48,2,FALSE,A
1218,gos,boo11bx1a,boo,p48,0,FALSE,A
1219,gos,boo11bx1a,boo,p48,1,FALSE,A
1220,gos,boo11bx1a,boo,p48,0,FALSE,A
1221,gos,boo11bx1a,boo,p48,2,FALSE,A
1222,gos,boo11bx1a,boo,p48,2,FALSE,A
1223,gos,boo11bx1a,boo,p48,0,FALSE,A
1224,rob,ech27ax31a,ech,p1,0,FALSE,M
1225,rob,ech27ax31a,ech,p1,0,FALSE,M
1226,boo,g7ax1a,gos,p1,0,FALSE,M
1227,boo,g7ax1a,gos,p1,0,FALSE,M
1228,ech,g10ax12a,gos,p1,0,FALSE,A
1229,ech,g10ax12a,gos,p1,1,FALSE,A
1230,ech,g10ax12a,gos,p1,1,FALSE,A
1231,ech,g10ax12a,gos,p1,0,FALSE,A
1232,ech,g10ax12a,gos,p1,0,FALSE,A
1233,ech,g10ax12a,gos,p1,1,FALSE,A
1234,rob,boobulk,boo,p38,1,FALSE,M
1235,rob,boobulk,boo,p38,0,FALSE,M
1236,rob,boobulk,boo,p38,1,FALSE,M
1237,rob,boobulk,boo,p38,0,FALSE,M
1238,rob,boobulk,boo,p38,0,FALSE,M
1239,rob,boobulk,boo,p38,0,FALSE,M
1240,boo,boo2ax2c,boo,p38,0,TRUE,M
1241,boo,boo2ax2c,boo,p38,0,TRUE,M
1242,boo,boo2ax2c,boo,p38,0,TRUE,M
1243,boo,boo2ax2c,boo,p38,0,TRUE,M
1244,boo,boo2ax2c,boo,p38,0,TRUE,M
1245,boo,boo2ax2c,boo,p38,1,TRUE,M
1246,rob,ech27ax31a,ech,p22,1,FALSE,M
1247,rob,ech27ax31a,ech,p22,0,FALSE,M
1248,rob,ech27ax31a,ech,p22,0,FALSE,M
1249,rob,ech27ax31a,ech,p22,1,FALSE,M
1250,boo,g7ax1a,gos,p22,1,FALSE,M
1251,boo,g7ax1a,gos,p22,0,FALSE,M
1252,boo,g7ax1a,gos,p22,0,FALSE,M
1253,boo,g7ax1a,gos,p22,0,FALSE,M
1254,gos,ech27ax31a,ech,p33,1,FALSE,A
1255,gos,ech27ax31a,ech,p33,0,FALSE,A
1256,gos,ech27ax31a,ech,p33,1,FALSE,A
1257,gos,ech27ax31a,ech,p33,0,FALSE,A
1258,gos,ech27ax31a,ech,p33,2,FALSE,A
1259,gos,ech27ax31a,ech,p33,2,FALSE,A
1260,boo,g2,gos,p9,0,FALSE,M
1261,boo,g2,gos,p9,0,FALSE,M
1262,boo,g2,gos,p9,0,FALSE,M
1263,boo,g2,gos,p9,1,FALSE,M
1264,boo,g2,gos,p9,0,FALSE,M
1265,boo,g2,gos,p9,0,FALSE,M
1266,gos,echbulk,ech,p19,3,FALSE,A
1267,gos,echbulk,ech,p19,1,FALSE,A
1268,gos,echbulk,ech,p19,2,FALSE,A
1269,gos,echbulk,ech,p19,0,FALSE,A
1270,gos,echbulk,ech,p19,0,FALSE,A
1271,boo,g2,gos,p47,0,FALSE,M
1272,boo,g2,gos,p47,0,FALSE,M
1273,boo,g2,gos,p47,0,FALSE,M
1274,boo,g2,gos,p47,2,FALSE,M
1275,rob,g10ax12a,gos,p36,0,FALSE,M
1276,rob,g10ax12a,gos,p36,0,FALSE,M
1277,boo,g2,gos,p36,0,FALSE,M
1278,boo,g2,gos,p36,0,FALSE,M
1279,boo,g2,gos,p36,0,FALSE,M
1280,lau,g2,gos,p14,0,FALSE,M
1281,lau,g2,gos,p14,0,FALSE,M
1282,lau,g2,gos,p14,0,FALSE,M
1283,lau,g2,gos,p14,0,FALSE,M
1284,lau,g2,gos,p14,1,FALSE,M
1285,lau,g2,gos,p14,0,FALSE,M
1286,lau,g2,gos,p14,0,FALSE,M
1287,lau,g2,gos,p14,0,FALSE,M
1288,lau,g2,gos,p14,2,FALSE,M
1289,gos,g2,gos,p14,0,TRUE,A
1290,gos,g2,gos,p14,1,TRUE,A
1291,gos,g2,gos,p14,1,TRUE,A
1292,gos,g2,gos,p14,1,TRUE,A
1293,gos,g2,gos,p14,1,TRUE,A
1294,gos,g2,gos,p14,1,TRUE,A
1295,gos,g2,gos,p14,0,TRUE,A
1296,gos,g2,gos,p14,0,TRUE,A
1297,lau,g2,gos,p46,0,FALSE,M
1298,lau,g2,gos,p46,0,FALSE,M
1299,lau,g2,gos,p46,0,FALSE,M
1300,lau,g2,gos,p46,0,FALSE,M
1301,lau,g2,gos,p46,0,FALSE,M
1302,lau,g2,gos,p46,0,FALSE,M
1303,lau,g2,gos,p46,0,FALSE,M
1304,lau,g2,gos,p46,0,FALSE,M
1305,lau,g2,gos,p46,0,FALSE,M
1306,boo,g2,gos,p25,2,FALSE,M
1307,boo,g2,gos,p25,0,FALSE,M
1308,boo,g2,gos,p25,0,FALSE,M
1309,boo,g2,gos,p25,0,FALSE,M
1310,boo,g2,gos,p25,1,FALSE,M
1311,rob,g10ax12a,gos,p25,2,FALSE,M
1312,rob,g10ax12a,gos,p25,1,FALSE,M
1313,rob,g10ax12a,gos,p25,1,FALSE,M
1314,gos,g2,gos,p17,1,TRUE,A
1315,gos,g2,gos,p17,2,TRUE,A
1316,gos,g2,gos,p17,2,TRUE,A
1317,gos,g2,gos,p17,2,TRUE,A
1318,gos,g2,gos,p17,0,TRUE,A
1319,gos,g2,gos,p17,2,TRUE,A
1320,gos,g2,gos,p17,1,TRUE,A
1321,rob,g2,gos,p17,0,FALSE,M
1322,rob,g2,gos,p17,0,FALSE,M
1323,rob,g2,gos,p17,0,FALSE,M
1324,rob,g2,gos,p17,0,FALSE,M
1325,lau,g2,gos,p17,0,FALSE,M
1326,lau,g2,gos,p17,1,FALSE,M
1327,lau,g2,gos,p17,0,FALSE,M
1328,lau,g2,gos,p17,0,FALSE,M
1329,lau,g2,gos,p17,0,FALSE,M
1330,lau,g2,gos,p17,0,FALSE,M
1331,lau,g2,gos,p17,0,FALSE,M
1332,lau,g2,gos,p17,0,FALSE,M
1333,lau,g2,gos,p17,0,FALSE,M
1334,lau,g2,gos,p17,0,FALSE,M
1335,lau,g2,gos,p32,0,FALSE,M
1336,lau,g2,gos,p32,0,FALSE,M
1337,lau,g2,gos,p32,1,FALSE,M
1338,lau,g2,gos,p32,0,FALSE,M
1339,lau,g2,gos,p32,0,FALSE,M
1340,lau,g2,gos,p32,0,FALSE,M
1341,lau,g2,gos,p32,0,FALSE,M
1342,lau,g2,gos,p32,0,FALSE,M
1343,lau,boo11bx1a,boo,p28,0,FALSE,M
1344,lau,boo11bx1a,boo,p28,0,FALSE,M
1345,lau,boo11bx1a,boo,p28,0,FALSE,M
1346,lau,boo11bx1a,boo,p28,0,FALSE,M
1347,lau,boo11bx1a,boo,p28,0,FALSE,M
1348,lau,boo11bx1a,boo,p28,0,FALSE,M
1349,lau,boo11bx1a,boo,p28,0,FALSE,M
1350,lau,boo11bx1a,boo,p28,0,FALSE,M
1351,lau,boo11bx1a,boo,p28,0,FALSE,M
1352,lau,boo11bx1a,boo,p28,0,FALSE,M
1353,lau,g2,gos,p28,0,FALSE,M
1354,lau,g2,gos,p28,0,FALSE,M
1355,lau,g2,gos,p28,0,FALSE,M
1356,lau,g2,gos,p28,0,FALSE,M
1357,lau,g2,gos,p28,0,FALSE,M
1358,lau,g2,gos,p28,2,FALSE,M
1359,lau,g2,gos,p28,0,FALSE,M
1360,lau,g2,gos,p28,0,FALSE,M
1361,lau,g2,gos,p28,0,FALSE,M
1362,lau,g2,gos,p28,0,FALSE,M
1363,rob,boobulk,boo,p10,1,FALSE,M
1364,rob,boobulk,boo,p10,0,FALSE,M
1365,rob,boobulk,boo,p10,0,FALSE,M
1366,rob,boobulk,boo,p10,0,FALSE,M
1367,boo,g2,gos,p10,0,FALSE,M
1368,boo,g2,gos,p10,0,FALSE,M
1369,boo,g2,gos,p10,1,FALSE,M
1370,boo,g2,gos,p10,0,FALSE,M
1371,boo,g2,gos,p10,0,FALSE,M
1372,boo,g2,gos,p10,0,FALSE,M
1373,gos,g2,gos,p10,0,TRUE,A
1374,gos,g2,gos,p10,1,TRUE,A
1375,gos,g2,gos,p10,1,TRUE,A
1376,gos,g2,gos,p10,0,TRUE,A
1377,rob,g10ax12a,gos,p10,0,FALSE,M
1378,ech,g2,gos,p14,1,FALSE,A
1379,ech,g2,gos,p14,3,FALSE,A
1380,ech,g2,gos,p14,0,FALSE,A
1381,ech,g2,gos,p14,2,FALSE,A
1382,ech,g2,gos,p14,1,FALSE,A
1383,ech,g2,gos,p14,2,FALSE,A
1384,ech,g2,gos,p14,0,FALSE,A
1385,ech,g2,gos,p14,1,FALSE,A
1386,ech,g2,gos,p14,0,FALSE,A
1387,rob,g7ax1a,gos,p14,0,FALSE,M
1388,rob,g7ax1a,gos,p14,0,FALSE,M
1389,rob,g7ax1a,gos,p14,1,FALSE,M
1390,rob,g7ax1a,gos,p14,0,FALSE,M
1391,rob,g7ax1a,gos,p14,0,FALSE,M
1392,rob,g7ax1a,gos,p14,0,FALSE,M
1393,boo,boo11bx1a,boo,p14,0,TRUE,M
1394,boo,boo11bx1a,boo,p14,0,TRUE,M
1395,boo,boo11bx1a,boo,p14,1,TRUE,M
1396,boo,boo11bx1a,boo,p14,0,TRUE,M
1397,boo,boo11bx1a,boo,p14,1,TRUE,M
1398,boo,boo11bx1a,boo,p14,0,TRUE,M
1399,boo,boo11bx1a,boo,p14,1,TRUE,M
1400,boo,boo11bx1a,boo,p14,0,TRUE,M
1401,boo,boo11bx1a,boo,p14,1,TRUE,M
1402,gos,g10ax12a,gos,p36,0,TRUE,A
1403,gos,g10ax12a,gos,p36,2,TRUE,A
1404,gos,g10ax12a,gos,p36,3,TRUE,A
1405,gos,g10ax12a,gos,p36,2,TRUE,A
1406,gos,g10ax12a,gos,p36,1,TRUE,A
1407,gos,g10ax12a,gos,p36,0,TRUE,A
1408,gos,g10ax12a,gos,p36,1,TRUE,A
1409,gos,g10ax12a,gos,p36,3,TRUE,A
1410,rob,g10ax12a,gos,p36,1,FALSE,M
1411,rob,g10ax12a,gos,p36,1,FALSE,M
1412,lau,boo2ax2c,boo,p19,0,FALSE,M
1413,lau,boo2ax2c,boo,p19,0,FALSE,M
1414,lau,boo2ax2c,boo,p19,0,FALSE,M
1415,lau,boo2ax2c,boo,p19,1,FALSE,M
1416,lau,boo2ax2c,boo,p19,0,FALSE,M
1417,lau,boo2ax2c,boo,p19,0,FALSE,M
1418,lau,boo2ax2c,boo,p19,0,FALSE,M
1419,lau,boo2ax2c,boo,p19,0,FALSE,M
1420,boo,ech3ax1a,ech,p9,0,FALSE,M
1421,boo,ech3ax1a,ech,p9,0,FALSE,M
1422,boo,ech3ax1a,ech,p9,1,FALSE,M
1423,boo,ech3ax1a,ech,p9,0,FALSE,M
1424,boo,ech3ax1a,ech,p9,0,FALSE,M
1425,boo,ech3ax1a,ech,p9,0,FALSE,M
1426,boo,ech3ax1a,ech,p9,0,FALSE,M
1427,gos,g2,gos,p46,0,TRUE,A
1428,gos,g2,gos,p46,1,TRUE,A
1429,gos,g2,gos,p46,1,TRUE,A
1430,gos,g2,gos,p46,0,TRUE,A
1431,gos,g2,gos,p46,0,TRUE,A
1432,gos,g2,gos,p46,0,TRUE,A
1433,gos,g2,gos,p46,1,TRUE,A
1434,gos,g2,gos,p46,0,TRUE,A
1435,rob,boo2ax2c,boo,p46,1,FALSE,M
1436,rob,boo2ax2c,boo,p46,0,FALSE,M
1437,rob,boo2ax2c,boo,p46,0,FALSE,M
1438,boo,g10ax12a,gos,p46,0,FALSE,M
1439,boo,g10ax12a,gos,p46,0,FALSE,M
1440,boo,g10ax12a,gos,p46,0,FALSE,M
1441,boo,g10ax12a,gos,p46,0,FALSE,M
1442,boo,g10ax12a,gos,p46,1,FALSE,M
1443,boo,g10ax12a,gos,p46,0,FALSE,M
1444,boo,g10ax12a,gos,p46,0,FALSE,M
1445,ech,ech27ax31a,ech,p46,1,TRUE,A
1446,ech,ech27ax31a,ech,p46,2,TRUE,A
1447,ech,ech27ax31a,ech,p46,0,TRUE,A
1448,ech,ech27ax31a,ech,p46,1,TRUE,A
1449,ech,ech27ax31a,ech,p46,1,TRUE,A
1450,ech,ech27ax31a,ech,p46,2,TRUE,A
1451,ech,ech27ax31a,ech,p46,1,TRUE,A
1452,boo,boo2ax2c,boo,p34,2,TRUE,M
1453,boo,boo2ax2c,boo,p34,0,TRUE,M
1454,boo,boo2ax2c,boo,p34,0,TRUE,M
1455,rob,ech3ax1a,ech,p34,1,FALSE,M
1456,rob,ech3ax1a,ech,p34,1,FALSE,M
1457,rob,ech3ax1a,ech,p34,1,FALSE,M
1458,rob,ech3ax1a,ech,p34,0,FALSE,M
1459,rob,ech3ax1a,ech,p34,1,FALSE,M
1460,rob,ech3ax1a,ech,p34,0,FALSE,M
1461,rob,ech3ax1a,ech,p34,0,FALSE,M
1462,rob,ech3ax1a,ech,p34,0,FALSE,M
1463,boo,g10ax12a,gos,p34,0,FALSE,M
1464,boo,g10ax12a,gos,p34,0,FALSE,M
1465,boo,g10ax12a,gos,p34,1,FALSE,M
1466,boo,g10ax12a,gos,p34,0,FALSE,M
1467,boo,g10ax12a,gos,p34,0,FALSE,M
1468,boo,g10ax12a,gos,p34,0,FALSE,M
1469,boo,g10ax12a,gos,p34,0,FALSE,M
1470,gos,g2,gos,p3,1,TRUE,A
1471,gos,g2,gos,p3,0,TRUE,A
1472,gos,g2,gos,p3,0,TRUE,A
1473,gos,g2,gos,p3,2,TRUE,A
1474,gos,g2,gos,p3,1,TRUE,A
1475,gos,g2,gos,p3,0,TRUE,A
1476,gos,g2,gos,p3,2,TRUE,A
1477,lau,echbulk,ech,p3,0,FALSE,M
1478,lau,echbulk,ech,p3,0,FALSE,M
1479,lau,echbulk,ech,p3,0,FALSE,M
1480,lau,echbulk,ech,p3,0,FALSE,M
1481,lau,echbulk,ech,p3,0,FALSE,M
1482,lau,echbulk,ech,p3,1,FALSE,M
1483,lau,echbulk,ech,p3,0,FALSE,M
1484,lau,echbulk,ech,p3,1,FALSE,M
1485,lau,echbulk,ech,p3,0,FALSE,M
1486,lau,ech3ax1a,ech,p13,0,FALSE,M
1487,lau,ech3ax1a,ech,p13,0,FALSE,M
1488,lau,ech3ax1a,ech,p13,1,FALSE,M
1489,lau,ech3ax1a,ech,p13,0,FALSE,M
1490,lau,ech3ax1a,ech,p13,0,FALSE,M
1491,lau,ech3ax1a,ech,p13,0,FALSE,M
1492,lau,ech3ax1a,ech,p13,0,FALSE,M
1493,lau,ech3ax1a,ech,p13,0,FALSE,M
1494,boo,boobulk,boo,p6,0,TRUE,M
1495,boo,boobulk,boo,p6,0,TRUE,M
1496,boo,boobulk,boo,p6,0,TRUE,M
1497,boo,boobulk,boo,p6,0,TRUE,M
1498,boo,boobulk,boo,p6,0,TRUE,M
1499,gos,boo2ax2c,boo,p6,3,FALSE,A
1500,gos,boo2ax2c,boo,p6,1,FALSE,A
1501,gos,boo2ax2c,boo,p6,1,FALSE,A
1502,gos,boo2ax2c,boo,p6,0,FALSE,A
1503,gos,boo2ax2c,boo,p6,2,FALSE,A
1504,gos,boo2ax2c,boo,p6,1,FALSE,A
1505,ech,g2,gos,p6,1,FALSE,A
1506,ech,g2,gos,p6,2,FALSE,A
1507,ech,g2,gos,p6,2,FALSE,A
1508,ech,g2,gos,p6,0,FALSE,A
1509,ech,g2,gos,p6,1,FALSE,A
1510,ech,g2,gos,p6,1,FALSE,A
1511,ech,g2,gos,p6,0,FALSE,A
1512,gos,g7ax1a,gos,p16,0,TRUE,A
1513,gos,g7ax1a,gos,p16,1,TRUE,A
1514,gos,g7ax1a,gos,p16,0,TRUE,A
1515,gos,g7ax1a,gos,p16,1,TRUE,A
1516,gos,g7ax1a,gos,p16,0,TRUE,A
1517,gos,g7ax1a,gos,p16,0,TRUE,A
1518,gos,g7ax1a,gos,p16,0,TRUE,A
1519,rob,g2,gos,p26,0,FALSE,M
1520,boo,echbulk,ech,p26,0,FALSE,M
1521,boo,echbulk,ech,p26,1,FALSE,M
1522,boo,echbulk,ech,p26,0,FALSE,M
1523,boo,echbulk,ech,p26,1,FALSE,M
1524,boo,echbulk,ech,p26,0,FALSE,M
1525,boo,echbulk,ech,p26,0,FALSE,M
1526,boo,echbulk,ech,p26,1,FALSE,M
1527,gos,boobulk,boo,p11,0,FALSE,A
1528,gos,boobulk,boo,p11,0,FALSE,A
1529,gos,boobulk,boo,p11,0,FALSE,A
1530,gos,boobulk,boo,p11,0,FALSE,A
1531,gos,boobulk,boo,p11,0,FALSE,A
1532,gos,boobulk,boo,p11,0,FALSE,A
1533,gos,boobulk,boo,p11,1,FALSE,A
1534,gos,boobulk,boo,p11,0,FALSE,A
1535,gos,boobulk,boo,p11,0,FALSE,A
1536,gos,boobulk,boo,p11,1,FALSE,A
1537,ech,g2,gos,p22,1,FALSE,A
1538,ech,g2,gos,p22,0,FALSE,A
1539,ech,g2,gos,p22,2,FALSE,A
1540,ech,g2,gos,p22,0,FALSE,A
1541,ech,g2,gos,p22,2,FALSE,A
1542,ech,g2,gos,p22,1,FALSE,A
1543,ech,g2,gos,p22,0,FALSE,A
1544,boo,ech27ax31a,ech,p37,0,FALSE,M
1545,boo,ech27ax31a,ech,p37,0,FALSE,M
1546,boo,ech27ax31a,ech,p37,0,FALSE,M
1547,boo,ech27ax31a,ech,p37,0,FALSE,M
1548,boo,ech27ax31a,ech,p37,0,FALSE,M
1549,boo,ech27ax31a,ech,p37,1,FALSE,M
1550,boo,ech27ax31a,ech,p37,0,FALSE,M
1551,boo,ech27ax31a,ech,p37,0,FALSE,M
1552,ech,g2,gos,p37,2,FALSE,A
1553,ech,g2,gos,p37,0,FALSE,A
1554,ech,g2,gos,p37,0,FALSE,A
1555,ech,g2,gos,p37,1,FALSE,A
1556,ech,g2,gos,p37,1,FALSE,A
1557,ech,g2,gos,p37,0,FALSE,A
1558,ech,g2,gos,p37,0,FALSE,A
1559,ech,g2,gos,p37,2,FALSE,A
1560,lau,g10ax12a,gos,p37,0,FALSE,M
1561,lau,g10ax12a,gos,p37,0,FALSE,M
1562,lau,g10ax12a,gos,p37,0,FALSE,M
1563,lau,g10ax12a,gos,p37,0,FALSE,M
1564,lau,g10ax12a,gos,p37,0,FALSE,M
1565,lau,g10ax12a,gos,p37,0,FALSE,M
1566,lau,g10ax12a,gos,p37,0,FALSE,M
1567,lau,g10ax12a,gos,p37,0,FALSE,M
1568,lau,g10ax12a,gos,p37,0,FALSE,M
1569,rob,g2,gos,p15,0,FALSE,M
1570,rob,g2,gos,p15,0,FALSE,M
1571,rob,g2,gos,p15,0,FALSE,M
1572,rob,g2,gos,p15,0,FALSE,M
1573,rob,g2,gos,p15,0,FALSE,M
1574,boo,g10ax12a,gos,p15,1,FALSE,M
1575,boo,g10ax12a,gos,p15,0,FALSE,M
1576,boo,g10ax12a,gos,p15,0,FALSE,M
1577,boo,g10ax12a,gos,p15,0,FALSE,M
1578,boo,g10ax12a,gos,p15,0,FALSE,M
1579,boo,g10ax12a,gos,p15,0,FALSE,M
1580,boo,g10ax12a,gos,p15,0,FALSE,M
1581,rob,g2,gos,p15,0,FALSE,M
1582,rob,g2,gos,p15,0,FALSE,M
1583,rob,echbulk,ech,p43,0,FALSE,M
1584,boo,g10ax12a,gos,p43,0,FALSE,M
1585,boo,g10ax12a,gos,p43,0,FALSE,M
1586,boo,g10ax12a,gos,p43,0,FALSE,M
1587,boo,g10ax12a,gos,p43,0,FALSE,M
1588,rob,g10ax12a,gos,p7,0,FALSE,M
1589,rob,g10ax12a,gos,p7,1,FALSE,M
1590,rob,g10ax12a,gos,p7,0,FALSE,M
1591,rob,g10ax12a,gos,p7,0,FALSE,M
1592,boo,g2,gos,p7,1,FALSE,M
1593,boo,g2,gos,p7,0,FALSE,M
1594,boo,g7ax1a,gos,p48,0,FALSE,M
1595,boo,g7ax1a,gos,p48,0,FALSE,M
1596,boo,g7ax1a,gos,p48,1,FALSE,M
1597,boo,g7ax1a,gos,p48,0,FALSE,M
1598,boo,g7ax1a,gos,p48,0,FALSE,M
1599,boo,g7ax1a,gos,p48,0,FALSE,M
1600,ech,g2,gos,p48,3,FALSE,A
1601,ech,g2,gos,p48,1,FALSE,A
1602,ech,g2,gos,p48,1,FALSE,A
1603,gos,g2,gos,p35,0,TRUE,A
1604,gos,g2,gos,p35,0,TRUE,A
1605,lau,g2,gos,p4,0,FALSE,M
1606,lau,g2,gos,p4,0,FALSE,M
1607,lau,g2,gos,p4,1,FALSE,M
1608,lau,g2,gos,p4,0,FALSE,M
1609,lau,g2,gos,p4,0,FALSE,M
1610,lau,g2,gos,p4,0,FALSE,M
1611,lau,g2,gos,p4,0,FALSE,M
1612,lau,g2,gos,p4,0,FALSE,M
1613,lau,g2,gos,p4,0,FALSE,M
1614,gos,ech3ax1a,ech,p50,1,FALSE,A
1615,gos,ech3ax1a,ech,p50,0,FALSE,A
1616,gos,ech3ax1a,ech,p50,1,FALSE,A
1617,gos,ech3ax1a,ech,p50,2,FALSE,A
1618,gos,ech3ax1a,ech,p50,1,FALSE,A
1619,gos,ech3ax1a,ech,p50,1,FALSE,A
1620,rob,boo11bx1a,boo,p21,1,FALSE,M
1621,rob,boo11bx1a,boo,p21,0,FALSE,M
1622,rob,boo11bx1a,boo,p21,1,FALSE,M
